Element Symbol,symmetry,volume,Compounds
H,,,"['Ta2H', 'PmH', 'Ca2HCl2', 'VH', 'BH', 'HPb', 'CoHO2', 'HN', 'CuH', 'ZrH', 'YbHO2', 'LiHO2', 'RbHO', 'KHS', 'SmHO2', 'Re3H', 'RbHS', 'Ti2H', 'AgH', 'HIr', 'HPt3', 'Ti2HPd', 'TbHO2', 'MgH', 'Ba2HCl2', 'Tc3H', 'MnH', 'Al3H', 'MgNiH', 'H(CO)2', 'HRh', 'H(WO3)4', 'Pu3H', 'HCl', 'NaHS', 'HBr', 'NaH', 'HF', 'Ca2HI2', 'Fe3H', 'Ge3H', 'P3H', 'Sr2HCl2', 'KH', 'Sr2HBr2', 'Ni3H', 'HI', 'GaHO2', 'Sr2HI2', 'Tl3H', 'EuHO3', 'V2H', 'YHO2', 'Np3H', 'NiH', 'HC6', 'Cr3H', 'MoH', 'HNF2', 'HCN', 'Ba2HBr2', 'Mn2HO4', 'HC3', 'Ni2H', 'LiH', 'ZnH', 'HCO', 'BeH', 'Si3H', 'HPd3', 'TlH', 'Ba3H', 'HAuO2', 'Mo2HO6', 'CuHO2', 'LaHO2', 'NbH', 'CrH', 'Eu3H', 'ErHO2', 'Cr2HO4', 'Zr2HBr2', 'HC2N3', 'Ba2HI2', 'CoH', 'LiHPd', 'HW', 'FeHO2', 'Yb3H', 'NbHO3', 'Eu2HCl2', 'Y3H', 'HPd', 'VHO3', 'PrH', 'Co4H', 'HC2', 'FeH', 'Mo3H', 'Mg149H', 'ErH', 'Sr3H', 'HOs3', 'Na2HF4', 'LiHF2', 'CsH', 'ScHO2', 'GaH', 'HI3', 'TiH', 'AlHO2', 'CaHN', 'Co3H', 'GdHO2', 'HW3', 'Pa3H', 'RbH', 'Cr3HO8', 'CdH', 'MnHO2', 'HC', 'HoHO2', 'NaHO', 'TlHO', 'InH', 'Ca2HBr2', 'SiH']"
He,Im-3m,17.293960273317424,"['He', 'HeSiO2']"
Li,R-3m,61.205660097660434,"['LiN', 'LiCa3', 'LiB', 'LiP', 'LiBr', 'LiPm3', 'LiMg7', 'LiLu3', 'LiGa2', 'LiTe3', 'LiGa3', 'LiYb3', 'LiMg', 'LiPa', 'LiIn2', 'LiTm3', 'LiSi3', 'LiPd7', 'LiI', 'LiGe', 'LiB9', 'LiP7', 'Sr3Li', 'LiHo3', 'LiF3', 'LiHg3', 'LiAc3', 'LiO2', 'LiPb3', 'Rb3Li', 'LiSb3', 'LiRe3', 'LiZn2', 'LiHf', 'LiN3', 'LiSn3', 'LiNi3', 'LiPd', 'LiRh', 'LiMg2', 'LiZn3', 'LiDy3', 'LiZn13', 'LiGd3', 'LiCd3', 'LiAg3', 'LiW3', 'LiAl', 'LiPt', 'LiIr', 'LiPr3', 'LiY3', 'LiAs', 'LiTl3', 'LiH', 'LiMg149', 'LiB3', 'LiRh3', 'LiBi', 'LiPu3', 'LiMg15', 'LiPd3', 'LiCu3', 'LiCl', 'LiHg', 'LiAl3', 'LiSn', 'LiPb', 'LiS4', 'LiPt3', 'LiTb3', 'LiCa4', 'LiPt7', 'LiAu3', 'LiC6', 'LiAs3', 'LiNp3', 'LiMg3', 'LiTl', 'LiP3', 'LiEu3', 'K3Li', 'LiAg', 'LiS', 'LiC12', 'LiEr3', 'LiB11', 'LiU', 'LiGe3', 'LiCe3', 'Ba3Li', 'LiSm3', 'LiO8', 'LiF', 'LiMg5', 'LiIn3', 'Li', 'LiAu', 'LiBe', 'LiLa3', 'LiMn', 'LiAl2']"
Be,P6_3/mmc,31.796370288803224,"['BeSO8', 'BeAg3', 'BeZn3S4', 'K4BeAs2', 'K3BeF5', 'NaBeAs', 'BeNi3', 'BeZnO2', 'Mn3Be', 'BeP2', 'LiBeB', 'BeNF3', 'Be(HO)2', 'ZrBeSi', 'HfBe', 'NdBeCu4', 'LaBeAl3', 'Cs2BeO2', 'TiBe', 'LiBeAs', 'TmBeCu4', 'NaBeO2', 'BeCu', 'K4BeP2', 'Ta4Be', 'K3Be', 'Na2BeF4', 'SrBeF4', 'BeB2', 'BeAlH5', 'BeZn13', 'BeAl3', 'BeAu3', 'BeO', 'BeAl6O10', 'BeF2', 'Ti3Be', 'BePd2', 'BeNb4', 'Li2BeF4', 'BeClO', 'K2BeO2', 'NaBeSb', 'Hf3Be', 'Ti4Be', 'SrBeGe', 'Np3Be', 'LiBeH3', 'Be', 'Th3Be', 'LiBeSb', 'CaBeGe', 'BeCo2Si', 'Be(B6C)2', 'BeMo3', 'BeAu', 'BeZn3O4', 'YBeCu4', 'BeC2', 'SmBeCu4', 'SrBeSi', 'BeSiAs2', 'BePb3', 'CsBeH3', 'BeGaH5', 'Be(PN2)2', 'Mg16BeAl12', 'ZrBeB', 'Be(H2N)2', 'Be(CN)2', 'BeO2', 'BeSiN2', 'BeGe3', 'BePd', 'Be(Bi3O5)4', 'Na2BeH4', 'BeCrO4', 'BeCo2Ge', 'LiBeP', 'Li2BeH4', 'HfBeSi', 'BeH', 'Zr3Be', 'BeAg4', 'Na2BeO2', 'KBeF3', 'Ti11BeO20', 'BePd3', 'BeSnP2', 'Be(B3H7)2', 'BeNi', 'Mg149Be', 'BeSe', 'BeH2', 'BeFe3', 'BeGeP2', 'Na6BeO4', 'BeZnS2', 'BeRu3', 'BeF4', 'Ta2Be', 'BeSiP2', 'DyBeCu4', 'BeTe', 'BeIn3', 'BeSiNi2', 'LiBeN', 'Be(BH4)2', 'BeCN2', 'BeAu2', 'Li2BeAs2', 'TiBeB', 'KBeH3', 'BeRh', 'Be(PO3)2', 'BeGeAs2', 'BeBr2', 'BaBeSi', 'Be(B3H8)2', 'Li3Be', 'TaBeB', 'Be(N3O7)2', 'BeCl2', 'CeBeAl3', 'Be(BO2)4', 'TbBeCu4', 'Na3Be', 'Be(GaO2)2', 'LiBe', 'BeCo', 'BeCr3', 'BeS', 'HoBeCu4', 'BeI2', 'CaBeSi', 'BeSnAs2', 'RbBeH3', 'BeGa3']"
B,R-3m,86.74916330018324,"['BF3', 'LiB', 'BH', 'BRu3', 'CoB', 'BPd4', 'BC7', 'BRu', 'In3B', 'GeB', 'Sn3B', 'Mg3B', 'TiB', 'BI3', 'PuB', 'MnB', 'BSb', 'BCl', 'TaB', 'NbB', 'Co4B', 'BCl2', 'Mg15B', 'Be2B', 'BCl3', 'Ta2B', 'BPb3', 'BC3', 'VB', 'Cr2B', 'BRh', 'BOs', 'BN', 'Th3B', 'BC5', 'BOs3', 'BPt3', 'BAs', 'Be4B', 'Mn2B', 'TcB', 'Np3B', 'FeB', 'BPd3', 'Ti2B', 'BBr3', 'NaB', 'BPd5', 'BF2', 'SnB', 'BP', 'Si3B', 'BC', 'KB', 'Fe3B', 'Ge3B', 'BBr', 'BO3', 'Co3B', 'BMo2', 'Ni3B', 'Ni2B', 'Tl3B', 'HfB', 'Tc3B', 'BPd2', 'Zn3B', 'RbB', 'B', 'BH3', 'BW2', 'Cr4B', 'CsB', 'BIr', 'BiB', 'BAu', 'BPd6', 'BRh2', 'BMo', 'Co2B', 'Na3B', 'Re3B', 'ReB', 'BSe2', 'Hg3B', 'SiB', 'BPt', 'BAu3', 'BS2', 'Mn4B', 'CrB', 'ZrB', 'Li2B', 'NiB', 'Mg7B', 'BW', 'Li3B', 'Cd3B', 'Fe2B', 'BPt2', 'Ga3B']"
C,C2/m,18.32977894194205,"['CF4', 'Th5C', 'CS', 'CO3', 'NaC', 'ReC', 'CI2', 'CdC', 'CS30', 'InC', 'CCl2', 'Tm2C', 'Mg15C', 'Fe3C', 'WC', 'GaC', 'MoC', 'Cr2C', 'Ni3C', 'HfC', 'TaC', 'SiC', 'OsC', 'Dy2C', 'Tb2C', 'Mo2C', 'Sc2C', 'CN', 'Fe2C', 'C', 'Gd2C', 'Zr3C', 'CrC', 'PtC', 'Mg7C', 'CS14', 'BC', 'NbC', 'Ti2C', 'CS3', 'AgC', 'Lu2C', 'ZrC', 'CI4', 'CN2', 'CBr4', 'Hg3C', 'TlC', 'GeC', 'CF', 'V2C', 'Nb2C', 'IrC', 'B4C', 'Yb2C', 'CO', 'HgC', 'B9C', 'Zn3C', 'Hf3C', 'Mg3C', 'CCl4', 'W3C', 'CO2', 'AuC', 'Sm2C', 'K4C', 'Fe4C', 'Ta2C', 'LaC', 'Ho2C', 'Ta3C', 'W2C', 'KC', 'Rb4C', 'HC', 'RuC', 'PbC', 'Er2C', 'Y2C', 'Tc3C']"
N,,,"['LiN', 'Ti3N', 'TiN', 'NO', 'HN', 'Cu3N', 'ZrN', 'Pd3N', 'Mo2N', 'Cu2N', 'Ta2N', 'Hf2N', 'Zr2N', 'GaN', 'Fe2N', 'Na3N', 'LaN', 'AcN', 'BrN', 'V2N', 'Eu2N', 'SN', 'KN', 'CdN', 'SeN', 'BN', 'AlN', 'PbN', 'MoN', 'Fe3N', 'TcN', 'TaN', 'OsN', 'Re3N', 'Sr2N', 'Ti2N', 'Ca2N', 'B9N', 'NF2', 'Fe4N', 'TlN', 'CN', 'Co3N', 'HgN', 'Ag3N', 'Pd2N', 'Tc3N', 'CuN', 'NO2', 'Nb2N', 'SrN', 'Zr3N', 'C3N', 'CrN', 'VN', 'PrN', 'NO3', 'NbN', 'RuN', 'YN', 'RhN', 'AgN', 'PdN', 'MnN', 'Ni3N', 'NiN', 'Cr2N', 'Fe8N', 'W2N', 'Zn3N', 'Mn2N', 'FeN', 'S2N', 'NF', 'Ta3N', 'WN', 'IrN', 'V8N', 'InN', 'ZnN', 'SbN', 'Ba2N', 'ReN']"
O,,,"['Zr2O', 'OF', 'CO', 'B8O', 'K2O', 'VO', 'PtO', 'MgO', 'NO', 'BrO', 'BiO', 'Si3O', 'Ti2O', 'CdO', 'SnO', 'Al2O', 'ZnO', 'NbO', 'Ag3O', 'CuO', 'Th3O', 'Cs2O', 'SiO', 'GaO', 'Cs7O', 'Ag2O', 'TiO', 'Rb2O', 'Sm2O', 'CaO', 'Ta4O', 'FeO', 'CoO', 'Ta6O', 'Ti3O', 'BaO', 'B6O', 'NiO', 'Cr3O', 'ClO', 'Tl2O', 'PbO', 'MnO', 'Zr3O', 'Na2O', 'PdO', 'CrO', 'N2O', 'H2O', 'Zr4O', 'InO', 'Li2O', 'Sn2O', 'Ge3O', 'B2O', 'HgO', 'Cl2O', 'Rb6O', 'OF3', 'AgO', 'Cs3O', 'BeO', 'V8O', 'Ti6O']"
F,,,"['YSeF', 'Fe2O3F', 'Si3F', 'Sr2I2F', 'MnOF', 'Hg3F', 'Re3F', 'Sm2F', 'Pt3F', 'Bi5O7F', 'V3F', 'NiOF', 'V6O11F', 'Eu2Br2F', 'NaF', 'Fe10O19F', 'InOF', 'Fe3O5F', 'Tm2I2F', 'Ba2Cl2F', 'Mn4O7F', 'Pr2S2F', 'Sm2I2F', 'Rh3F', 'Ho2S2F', 'YbF', 'HgF', 'Ca2F', 'Mn2O3F', 'Co2O3F', 'Y2OF', 'Ir3F', 'Tl3F', 'Mn6O11F', 'Sb5O7F', 'VO2F', 'FeOF', 'HF', 'Mn5O9F', 'CrOF', 'TbOF', 'Sr2Br2F', 'Co3O5F', 'Ca10Si6F', 'TlF', 'Ba2Br2F', 'Eu2Cl2F', 'Pr2Se2F', 'CuF', 'CoOF', 'AgO2F', 'AgF', 'N2F', 'SrF', 'Ru3F', 'Ca10Ge6F', 'Os3F', 'V2O3F', 'Tb2S2F', 'RbF', 'Y2S2F', 'Yb2I2F', 'Sr2Cl2F', 'CaF', 'ClF', 'Er2S2F', 'Dy2S2F', 'TiNF', 'Ba2I2F', 'Ag3F', 'Fe6O11F', 'Ca2Br2F', 'RbO2F', 'KF', 'CsF', 'Fe4O7F', 'Fe3F', 'Ca2Cl2F', 'Sm2Se2F', 'SNF', 'Mn3O5F', 'C2F', 'VOF', 'CF', 'Sm2Br2F', 'Pd3F', 'OF', 'SbOF', 'Ag2F', 'NF', 'V3O5F', 'Bi3O4F', 'YOF', 'LiF', 'La2S2F', 'Cu3F', 'Sm2Cl2F', 'Ge3F', 'Nd2S2F', 'BiOF', 'LaF', 'Tm2Br2F', 'UF']"
Ne,Fm-3m,18.456187514358387,['Ne']
Na,P6_3/mmc,73.87639201807406,"['NaP7', 'NaHg3', 'NaPt2', 'NaEu3', 'NaO8', 'NaC', 'NaMg', 'NaHg', 'NaRu3', 'NaP', 'NaCo3', 'NaCl7', 'NaTe', 'NaMg15', 'NaSr3', 'NaDy3', 'NaSc3', 'Rb3Na', 'NaNd3', 'NaNb3', 'NaNp3', 'NaN3', 'NaBr', 'NaGe', 'NaF', 'NaTm', 'NaI', 'NaLi3', 'Na', 'NaSi', 'NaRe3', 'NaP15', 'NaYb3', 'NaC2', 'NaY3', 'NaZn3', 'NaSe2', 'NaTl', 'NaHo3', 'NaAc3', 'NaMg149', 'NaCu3', 'NaAu2', 'NaPt', 'NaSn', 'NaH', 'NaCu', 'NaSb', 'NaTl2', 'NaTe3', 'NaC64', 'NaAg2', 'NaSn5', 'NaB', 'NaGa3', 'NaBi', 'NaGd3', 'NaIn3', 'NaHg2', 'NaMo3', 'Ba3Na', 'NaS', 'BaNa', 'NaAs', 'NaF3', 'NaGa4', 'K3Na', 'NaLa3', 'NaN', 'NaGa', 'NaMg3', 'NaCd3', 'NaMg7', 'NaEr3', 'NaCl3', 'NaTm3', 'NaTi3', 'NaLa', 'NaSi68', 'NaAc', 'NaP5', 'NaPd3', 'NaAu3', 'NaTc3', 'NaSi34', 'NaO5', 'NaSn2', 'NaCe3', 'NaZn13', 'NaIn2', 'NaO3', 'NaSi6', 'NaO2', 'NaPu', 'NaCa3', 'NaS2', 'NaIn', 'NaLu3', 'NaPr3', 'NaTl3', 'NaSn3', 'NaBi3', 'NaCl', 'NaTa3', 'NaPm3', 'NaSe', 'NaAl3', 'NaTb3', 'NaPb', 'NaAg3', 'NaPb3', 'NaAs2', 'NaNi3']"
Mg,P6_3/mmc,44.79899633535127,"['MgF2', 'MgPb2', 'La2Mg', 'MgSi2', 'MgZn', 'MgBi2', 'MgZn5', 'MgIn', 'MgO', 'MgZn2', 'YMg', 'CaMg', 'MgAg2', 'MgAu2', 'MgPb', 'MgCl2', 'MgSc2', 'MgTi2', 'LiMg', 'Ce2Mg', 'Ac2Mg', 'MgPt2', 'CeMg', 'MgO2', 'Rb2Mg', 'Ca2Mg', 'MgSn', 'Li2Mg', 'MgTi', 'Sm2Mg', 'MgSb2', 'Sr5Mg', 'Yb2Mg', 'MgIn2', 'MgGa2', 'MgGe', 'Mg', 'Nd2Mg', 'MgSn2', 'MgSb', 'MgGa', 'MgCd2', 'MgNb2', 'Sr2Mg', 'MgAl', 'MgNi', 'Y2Mg', 'Pr2Mg', 'Eu2Mg', 'Pm2Mg', 'SrMg', 'MgHg2', 'MgSi', 'MgBi', 'MgGe2', 'MgCd']"
Al,Fm-3m,16.471717630914863,"['AlFe3', 'Pm3Al', 'AlPt', 'CeAl', 'Tm3Al', 'Hf3Al', 'AlCd3', 'AlBr3', 'Sc2Al', 'ScAl', 'AlRh3', 'Ti2Al', 'PrAl', 'AlPb3', 'TbAl', 'AlRe', 'AlO3', 'Sm3Al', 'AlCu4', 'GdAl', 'AlFe2', 'AlSb', 'Tb3Al', 'AlCo4', 'Zr3Al', 'RbAl', 'Yb3Al', 'Li3Al', 'MnAl', 'AlGa3', 'AlBi3', 'Mg149Al', 'Gd3Al', 'AlCo', 'AlCr2', 'DyAl', 'AlO', 'AlN', 'AlPd', 'La3Al', 'AlSn', 'AlH3', 'AlCu3', 'AlPt3', 'AlNi3', 'AlBi', 'Rb3Al', 'AlAu', 'Sr2Al', 'AlP', 'Pa3Al', 'MgAl', 'AlB2', 'Dy3Al', 'NdAl', 'SrAl', 'LiAl', 'Y3Al', 'Pr3Al', 'AlH6', 'AlCu', 'AlCl3', 'AlAs', 'K3Al', 'Ce3Al', 'Ta2Al', 'AlC6', 'Mg3Al', 'AlAg3', 'AlGe3', 'Zr2Al', 'AlTc3', 'Pu3Al', 'AlC3', 'Al', 'AlNi', 'Sc3Al', 'AlAu2', 'Mg15Al', 'Nb3Al', 'AlRu', 'AlMo3', 'AlTc2', 'AlCo3', 'Np3Al', 'AlPd3', 'Mg7Al', 'Hf2Al', 'AlV3', 'Nb2Al', 'AlAu4', 'Lu3Al', 'YAl', 'AlSi', 'AlOs', 'SmAl', 'TiAl', 'AlNi2', 'AlF3', 'AlRe2', 'Th2Al', 'AlRh', 'AlI3', 'AlAg4', 'Nd3Al', 'Ti3Al', 'AlFe', 'AlIr', 'AlAu3', 'AlAg']"
Si,Fd-3m,40.32952684741405,"['SiHg3', 'BaSi', 'Mg2Si', 'Mn3Si', 'SiRh', 'Lu3Si', 'SiS2', 'Fe3Si', 'Fe2Si', 'Cu3Si', 'SiH8', 'SiBr3', 'SiC2', 'Rb3Si', 'SiAs', 'U3Si', 'SiPb3', 'SiRh3', 'SiSe2', 'SiS4', 'SiO2', 'Be3Si', 'SiC3', 'SiPt2', 'SiAs3', 'Tl3Si', 'SiGe3', 'Zn3Si', 'MgSi', 'SiH2', 'SiPt3', 'SiO4', 'Si']"
P,P2/c,1935.1232668474006,"['Ga3P', 'Zn3P', 'LiP', 'Cu3P', 'PF5', 'PPb3', 'Ho3P', 'NaP', 'RbP', 'TiP', 'HfP', 'Cr2P', 'Mg2P', 'PO4', 'CoP', 'Sc3P', 'KP', 'PN2', 'GaP', 'CaP', 'Ag3P', 'NdP', 'Na3P', 'PW', 'PBr7', 'GeP', 'PI2', 'PRu', 'Mg149P', 'Cd3P', 'PPd6', 'Re2P', 'V2P', 'Mo3P', 'DyP', 'EuP', 'TlP', 'AsP', 'UP', 'CrP', 'PPb', 'NpP', 'Mn2P', 'PH3', 'Hg3P', 'Ti2P', 'Co2P', 'ScP', 'Mo12P', 'AlP', 'Ta3P', 'PBr5', 'Bi3P', 'Fe2P', 'Np3P', 'PBr', 'GdP', 'PPt', 'InP', 'Ge3P', 'Cd2P', 'Sn3P', 'B6P', 'PSe', 'Zn2P', 'PuP', 'PW3', 'BP', 'PCl5', 'Si3P', 'PO3', 'PRu2', 'MgP', 'Eu3P', 'B13P', 'P', 'ErP', 'NbP', 'ZrP', 'Rb2P', 'PPd4', 'TaP', 'K3P', 'LaP', 'HoP', 'PrP', 'FeP', 'PBr3', 'Fe4P', 'PCl3', 'Ni2P', 'Li3P', 'YP', 'SiP', 'Hf2P', 'Sr3P', 'Tm3P', 'PIr2', 'ZnP', 'PPt3', 'PS', 'PBr2', 'MoP', 'Er3P', 'PAu3', 'TmP', 'Rb3P', 'Al3P', 'Y3P', 'ThP', 'Yb3P', 'PRh2', 'CeP', 'SmP', 'MnP', 'VP', 'SnP', 'NiP', 'LuP', 'PPd3', 'Nb2P', 'PI3', 'PO2', 'TbP', 'Ta2P', 'SrP']"
S,Fddd,887.5956414230244,"['LaS', 'SN', 'PbS', 'CoS', 'AsS', 'CS', 'V3S', 'PS', 'FeS', 'LiS', 'YS', 'P2S', 'BiS', 'SO6', 'NaS', 'SO5', 'SmS', 'Ni3S', 'HoS', 'Th3S', 'SO4', 'Cd2S', 'CdS', 'Bi2S', 'H2S', 'ZnS', 'SF6', 'RbS', 'Pd4S', 'CeS', 'EuS', 'SO3', 'H3S', 'Tl2S', 'InS', 'SBr3', 'Ni2S', 'TlS', 'Ta6S', 'Tl3S', 'Ag2S', 'S', 'PtS', 'Li2S', 'ZrS', 'CuS', 'SF4', 'PmS', 'KS', 'Cu2S', 'As2S', 'HgS']"
Cl,,,"['AgClO2', 'CNCl', 'LaClO', 'CCl', 'YCl', 'OsClF8', 'CaHCl', 'NCl', 'LaTeCl', 'HoClO2', 'Na2Cl', 'SeCl', 'NiCl', 'In5S5Cl', 'Pt3Cl', 'In5Se5Cl', 'LaClO2', 'Cs2BrCl', 'PbClF', 'Ba2P7Cl', 'SmClO2', 'U3Cl', 'TeRhCl', 'C3NCl', 'Cl(OF)2', 'Eu2PCl', 'BCl', 'SmClO', 'Tl4Br3Cl', 'GdClO', 'ClO5', 'TlCl', 'DyClO2', 'PuClO', 'N4Cl', 'ICl', 'ClF5', 'SrHCl', 'ZrCl', 'HCl', 'CsClO3', 'Te2Cl', 'PrTeCl', 'ClF3', 'AuCl', 'CrCl', 'ClO', 'PrClO2', 'CuClO2', 'AuClO2', 'AgCl', 'CeClO', 'PdSCl', 'Na3Cl', 'H7ClO3', 'Ru3Cl', 'ScCl', 'Hg3Cl', 'Ce3Cl', 'SrClF', 'HgCl', 'CuCl', 'UNCl', 'CaClF', 'H5ClO6', 'GdClO2', 'CN6Cl', 'NdClO2', 'Os3Cl', 'Nd3Cl', 'PuCl', 'SCl', 'C9Cl', 'ErClO', 'FeCl', 'CsCl', 'EuClO2', 'Sb4ClO6', 'ClF', 'BrCl', 'SnCl', 'InCl', 'EuHCl', 'LiCl', 'Ac3Cl', 'S3Cl', 'PrClO', 'NaClO4', 'C16Cl', 'Au3Cl', 'YClO2', 'AgClO4', 'YClO', 'Pr3Cl', 'GdCl', 'RbCl', 'Cu3Cl', 'Ag3Cl', 'TbClO2', 'SNCl', 'YCCl', 'Mg16Al12Cl', 'Cu2ClO3', 'CuSCl', 'NClO2', 'KCl', 'KClO3', 'Bi3ClO4', 'In3Cl', 'Mg149Cl', 'LaCl', 'ClO6', 'ClO2', 'La3Cl', 'H3NCl', 'CeTeCl', 'Th3Cl', 'NdClO', 'TbCl', 'NaCl', 'NdTeCl', 'BaHCl', 'BaClF', 'ThNCl', 'Tl3Cl', 'N3Cl', 'ClO3', 'Y2ClO2', 'BiClO', 'Co3Cl', 'BaClO3', 'N2Cl', 'Zr3Cl', 'ThCl', 'BaN3Cl', 'NaClO3']"
Ar,Fm-3m,38.56579000820011,['Ar']
K,Cmce,612.2311625848381,"['KTh3', 'KHg3', 'KC8', 'KTe', 'KF3', 'KPr3', 'KP', 'CsK', 'KSb3', 'Cs3K', 'KCd3', 'KN3', 'KPu', 'KSb', 'KPm3', 'KNd3', 'KAu2', 'KPt', 'KN', 'KBi2F7', 'KMg7', 'KO3', 'KSe', 'KSn2', 'KPb3', 'KFe', 'KCo', 'KTl3', 'KH', 'KBr3', 'KCu7S4', 'KO2', 'KTm', 'KN2', 'KSe3', 'KPt3', 'KCe3', 'KF5', 'KLi3', 'KSb2', 'KNO3', 'KHg', 'KC60', 'KY', 'KC10', 'KGa', 'KSm3', 'KP15', 'KB', 'KMg3', 'KBr', 'KZn13', 'KTe3', 'KEu3', 'KCa3', 'KAu5', 'KF2', 'KIO3', 'KSn3', 'KF', 'KC2', 'KAg2', 'KPb2', 'KLu', 'KBi3', 'KU3', 'KI', 'KIn3', 'KSi', 'KMg15', 'KGa3', 'KCl3', 'KBi', 'K', 'KB6', 'KNa2', 'KNd', 'KCl', 'KHg6', 'KSn', 'KSm', 'KGe', 'KLa3', 'KPm', 'KPb', 'KBi2', 'KTl', 'KBa3', 'KYb3', 'KIn4', 'KC', 'KCd13', 'KHg11', 'KTl2', 'KH3', 'KRb3', 'KAs', 'KHg2', 'KS3', 'KSr3', 'KCN', 'KAc3', 'KS']"
Ca,Fm-3m,43.36096382607296,"['CaP3', 'CaNd3', 'CaBi3', 'CaNp', 'CaMg', 'CaZn3', 'CaAg3', 'CaLa', 'CaYb3', 'CaCd3', 'CaPt5', 'CaP', 'CaPm3', 'CaSi2', 'Cs3Ca', 'Li3Ca', 'CaAl4', 'CaHg', 'CaAs3', 'CaB4', 'CaAu5', 'CaZn11', 'CaZn2', 'CaHo3', 'CaC2', 'CaO10', 'CaN', 'CaPb', 'CaI2', 'CaH2', 'CaTe', 'CaC6', 'CaHg2', 'CaSb2', 'SrCa', 'CaMg7', 'CaCu5', 'CaOs3', 'CaMn28', 'CaBr', 'CaGa2', 'CaNi3', 'CaPb3', 'CaBr2', 'CaN2', 'CaB6', 'CaCd', 'CaPd2', 'CaHg3', 'Rb3Ca', 'CaMg3', 'CaSi3', 'CaPd5', 'CaPd', 'CaMg15', 'CaAc3', 'CaIn', 'CaIn2', 'CaF3', 'CaSm3', 'CaB2', 'CaMg149', 'CaSn3', 'CaF', 'CaAs', 'CaDy3', 'CaNi5', 'Ba3Ca', 'CaMg2', 'CaCd2', 'Na3Ca', 'Sr3Ca', 'CaTl3', 'CaCl2', 'K3Ca', 'CaPr3', 'CaNi', 'CaEu3', 'CaTb3', 'CaH3', 'CaTl', 'BaCa', 'CaGa4', 'CaC', 'CaO2', 'CaS', 'CaGe3', 'CaPt2', 'Ca', 'CaCu', 'CaO', 'Li2Ca', 'CaGe2', 'CaHg11', 'CaC4', 'CaSe', 'CaAu3', 'CaF2', 'CaZn5', 'CaZn', 'CaI', 'CaMg5']"
Sc,P6_3/mmc,50.02447391787033,"['ScCu2', 'ScBr2', 'ScZn', 'ScC2', 'Ho3Sc', 'MgSc', 'ScAg4', 'ScRu2', 'ScPt', 'ScSn2', 'La3Sc', 'ScCl3', 'ScB2', 'K3Sc', 'Mg149Sc', 'ScAl', 'ScHg3', 'ScSb', 'ScRu', 'ScC', 'ScO', 'ScSe', 'ScIr2', 'Hf3Sc', 'Mg2Sc', 'ScIr3', 'ScS', 'ScH2', 'Sc(NF2)3', 'Tm3Sc', 'ScB12', 'Er3ScS6', 'Li3Sc', 'ScOs3', 'Mg5Sc', 'ScIn3P4', 'ScZn6', 'Zr9ScO20', 'ScTc3', 'ScOs2', 'ScIr', 'YSc', 'ScPd3', 'ScRu3', 'ScI3', 'ScIn2', 'ScHg', 'TbSc', 'ScNb', 'ScPd', 'ScCo2', 'ScTe3', 'ScZn12', 'ScBi', 'ScI2', 'ScP', 'ScH3', 'ScFe2', 'Ac3Sc', 'ScPb3', 'ScCl', 'ScAg', 'Lu3Sc', 'ScMn2', 'ScFe3', 'ScBr3', 'Nd3Sc', 'Sr3Sc', 'ScS2', 'Mg7Sc', 'Mg4Sc', 'ScCd', 'ScRh3', 'ScO3', 'ScSe2', 'ScAg3', 'ScGa3', 'ScSi', 'Pm3Sc', 'ScTc2', 'Zr3Sc', 'ScGe2', 'ScAu4', 'ScRh', 'ScZn2', 'ScAl2', 'HfSc', 'Mg3Sc', 'Pu3Sc', 'ScNi', 'Pr3Sc', 'ScSi2', 'ScBi3', 'ScSb3', 'Sm3Sc', 'ScAs', 'ThSc', 'ScBe5', 'ScAl3', 'ScN', 'ScO2', 'ScCu', 'ScIn3', 'Tb3Sc', 'ScSn', 'ScNi3', 'ScNi5', 'ScMo3O8', 'ScGa', 'ScInP2', 'Ce3Sc', 'Hf5Sc', 'ScGe', 'ScHO2', 'ScPt3', 'ScAu3', 'ScRe2', 'ScCo', 'ScAu', 'ScSn3', 'ScTe', 'ScIn', 'ScAg2', 'Na3Sc', 'ScCu3', 'ScF3', 'ScBe13', 'ScCd7', 'Sc', 'ScGa2', 'Yb3Sc', 'ZrSc', 'ScCd3', 'ScZn3', 'ScAu2', 'ScNi2']"
Ti,P6/mmm,51.05915967771039,"['Sm3Ti', 'TiN', 'TiMn2', 'TiCl2', 'Rb3Ti', 'TiF6', 'TiBr2', 'TiP', 'Yb3Ti', 'U3Ti', 'TiCo3', 'TiHg', 'TiAu3', 'TiZn3', 'TiAl2', 'TiS2', 'TiAs', 'TiCo2', 'ZrTi', 'TiPd3', 'TiCd', 'TiSe', 'TiGa3', 'TiAg', 'TiSb2', 'TiAu2', 'Ti', 'TiSi2', 'TiBr3', 'TiBe3', 'TiOs2', 'Na3Ti', 'PaTi', 'Th3Ti', 'TiAs3', 'TiGa2', 'TiFe4', 'TiN2', 'La3Ti', 'TiSe2', 'TiPd2', 'Eu3Ti', 'TiRh', 'TiI', 'TiBe12', 'TiO2', 'Mg2Ti', 'UTi', 'TiFe2', 'TiPt3', 'TiF3', 'TiO', 'TiSb', 'Mg7Ti', 'TiP3', 'TiTe', 'Mg5Ti', 'Mg149Ti', 'Ac3Ti', 'TiB2', 'K3Ti', 'TiIr', 'TiSb3', 'TiZn2', 'TiS3', 'TiCu', 'TiPd', 'TiI4', 'Mg3Ti', 'TiAl3', 'TiCl3', 'TiPt8', 'TiAu', 'TiAl', 'TiH2', 'TiCd3', 'TiCl4', 'MgTi', 'TiS', 'TiH', 'TiBr4', 'TiNi3', 'HfTi', 'TiI2', 'Mg15Ti', 'TiF4', 'TiTe2', 'TiIn', 'TiCr2', 'TiI3', 'U2Ti', 'Nd3Ti', 'TiPb3', 'TiGa', 'Sr3Ti', 'TiNi']"
V,Im-3m,13.263780153478194,"['VCo4', 'VAu', 'VH', 'VSe2', 'VSb', 'VF4', 'VIr', 'V', 'VP4', 'PaV', 'VIr3', 'VTe2', 'VGa', 'VGe3', 'VS2', 'VS4', 'Mg3V', 'VPt3', 'VRh3', 'VSn3', 'Sc3V', 'Mg6V', 'VNi3', 'VCl2', 'Th3V', 'VO3', 'Tl3V', 'VCo', 'VI2', 'VBi2', 'VSi2', 'VF2', 'VMo', 'VNi', 'VB2', 'VPd3', 'VPd4', 'VS', 'Mg7V', 'VRh', 'VHg3', 'VZn3', 'MnV', 'VP2', 'VOs', 'VRu', 'VCl4', 'Yb3V', 'VTc', 'Zr3V', 'VPt8', 'VAu3', 'Ac3V', 'VO2', 'VN', 'VSe', 'K3V', 'Tm3V', 'VCl3', 'VRu3', 'VSb2', 'VF5', 'VBr3', 'VCl5', 'VF3', 'Be12V', 'VO', 'VAs2', 'VGe2', 'LaV', 'VPt', 'VC3', 'Mg15V', 'VI3', 'VFe', 'VTe', 'Eu3V', 'VP', 'Mg149V', 'Ca3V', 'VIn3', 'Be2V', 'Al3V', 'VBr2', 'VI', 'VC', 'VCo3']"
Cr,Im-3m,26.16895772559837,"['CrB2', 'CrPd', 'CrAu', 'CrF4', 'CrTe2', 'CrCl3', 'Mg7Cr', 'CrPt4', 'Sr3Cr', 'Pr3Cr', 'Na3Cr', 'CrBr3', 'Be12Cr', 'Yb3Cr', 'CrTe3', 'CrTe', 'CrGe', 'Al3Cr', 'Eu3Cr', 'Mg15Cr', 'CrRe3', 'CrI2', 'CrSe2', 'CrP2', 'CrPt3', 'Sm3Cr', 'CrNi3', 'Th3Cr', 'CrF6', 'CrAg3', 'CrP4', 'CrO2', 'CrCl', 'CrAs2', 'CrI3', 'CrO', 'Ce3Cr', 'CrPt', 'Tl3Cr', 'CrPb2', 'CrCo', 'MgCr', 'Nd3Cr', 'CrS2', 'Li3Cr', 'CrC', 'CrRu', 'CrRh', 'CrSb', 'CrBr2', 'CrIn3', 'CrH', 'Mg3Cr', 'Nb3Cr', 'CrN', 'CrHg3', 'CrBi', 'Cr', 'CrMo3', 'Pm3Cr', 'CrIr3', 'CrF2', 'CrN2', 'CrRh3', 'CrNi', 'CrSi2', 'Zn3Cr', 'CrFe3', 'CrSi', 'CrO3', 'Rb3Cr', 'CrF3', 'CrPd3', 'CrSb2', 'CrF5', 'Be2Cr', 'CrGa', 'CrSe', 'CrIr', 'CrB', 'CrCo3', 'CrAs', 'K3Cr', 'Ac3Cr', 'CrS', 'Mg149Cr', 'CrH3']"
Mn,I-43m,377.65780883545983,"['MnSn', 'MnBr2', 'MnSi', 'MnAu3', 'Zr4Mn', 'Mg149Mn', 'U6Mn', 'MnBi', 'MnO4', 'MnO2', 'MnCo3', 'MnNi3', 'MnGe', 'Mn', 'MnSn3', 'MnB4', 'MnGe2', 'MnCu3', 'MnCd3', 'MnB', 'MnPd', 'MnZn', 'MnOs3', 'MnAl', 'MnTl3', 'MnS', 'MnBe12', 'MnSn2', 'MnCo', 'MnH', 'MnIn3', 'MnP4', 'MnPt3', 'MnS2', 'Ba3Mn', 'Zr3Mn', 'MnRu', 'MnFe3', 'MnTe2', 'MnBi3', 'Ca3Mn', 'MnIr3', 'MnF2', 'MnIr', 'MnO', 'MnAu', 'Rb3Mn', 'Pu4Mn', 'MnSb4', 'Ho4Mn', 'MnTe', 'MnBe2', 'HfMn', 'MnZn3', 'MnGa', 'MnHg', 'MnV', 'MnAl12', 'MnB2', 'MnRh', 'MnF3', 'Mg15Mn', 'MnAu4', 'MnSe', 'MnRu3', 'MnI2', 'MnPt', 'MnPt2', 'MnGe3', 'MnSb', 'Hf2Mn', 'MnV3', 'MnN', 'MnPd3', 'MnGa4', 'MnAu2', 'MnNi', 'MnF4', 'MnCl2', 'MnFe', 'MnSe2', 'Dy4Mn', 'MnMo3', 'Mg3Mn', 'Tb4Mn', 'MnAs', 'MnP', 'Yb3Mn', 'MnZn13', 'K3Mn', 'LiMn', 'Na3Mn', 'Mg7Mn', 'MnBe3', 'MnHg3']"
Fe,Im-3m,23.468168469356993,"['Cr3Fe', 'FeF6', 'FeTe2', 'FeB2', 'FeAg3', 'Mg149Fe', 'TaFe', 'FeSi', 'FeF3', 'Tl3Fe', 'U4Fe', 'FeGe2', 'Be5Fe', 'FeCo3', 'FeIr3', 'FeCu3', 'Zn13Fe', 'FeP4', 'FeF2', 'FeSb2', 'FeIr', 'Cr2Fe', 'FeAu3', 'FeO3', 'NbFe', 'FeSe2', 'Fe', 'FeSb3', 'Be3Fe', 'FeSn', 'FeSn2', 'Np4Fe', 'FeNi', 'KFe', 'Zr4Fe', 'Ga3Fe', 'FePd2', 'Hf4Fe', 'FeO', 'FeAu', 'FeO2', 'FeBr3', 'Nd4Fe', 'FeBr2', 'FeB', 'Sc4Fe', 'FeH4', 'FePd3', 'FeRe', 'FeNi2', 'Nb3Fe', 'FeF4', 'Mg15Fe', 'FeSe', 'FeS', 'Sr3Fe', 'FeGe3', 'FeCl', 'FeAg', 'FeRh', 'FeRh3', 'Zr2Fe', 'FeSb', 'FeSi2', 'Cd3Fe', 'Ti2Fe', 'Lu4Fe', 'FeTe', 'FeNi3', 'FeGe', 'FePd', 'FeI2', 'FeCo9', 'FeHg3', 'Na3Fe', 'FeS2', 'Dy4Fe', 'Mg3Fe', 'Mg7Fe', 'GaFe', 'Pu6Fe', 'TiFe', 'FeH', 'Nb2Fe', 'FeCl3', 'Ta2Fe', 'ZnFe', 'FePt', 'MnFe', 'FeN', 'Nd2Fe', 'V3Fe', 'Li3Fe', 'FeRe3', 'Al3Fe', 'Pr4Fe', 'FeSn3', 'Be12Fe', 'FePt3', 'Be2Fe', 'FeCu4', 'VFe', 'Tm4Fe', 'Ti3Fe', 'Er4Fe', 'FeCo', 'FeRu', 'AlFe', 'U6Fe', 'FeH3', 'FeCl2']"
Co,Fm-3m,10.841542632772713,"['CoPd3', 'CoI2', 'CoN', 'CoIr', 'CoSb3', 'Ho4Co', 'Be5Co', 'CoTc3', 'Cr2Co', 'Rb3Co', 'CoSb2', 'CoF4', 'K3Co', 'Fe3Co', 'CoMo3', 'CoAu4', 'Cr3Co', 'CoP3', 'CoO4', 'CoPb3', 'Be12Co', 'UCo', 'Hf2Co', 'Yb4Co', 'CoBr2', 'Sc4Co', 'CoPt', 'AlCo', 'V3Co', 'MnCo', 'Nd2Co', 'La4Co', 'CoAs', 'Pu2Co', 'HfCo', 'VCo', 'Zr3Co', 'CoCl2', 'CoTc', 'CoSi', 'In3Co', 'Tm4Co', 'Hf4Co', 'Tl3Co', 'Mg7Co', 'Zn3Co', 'Tb4Co', 'Nd4Co', 'CoRh', 'Zn13Co', 'CoP2', 'Ta2Co', 'CoBr', 'CoSn', 'LaCo', 'Lu4Co', 'Ti4Co', 'CoAs2', 'Pu4Co', 'CrCo', 'CoSn2', 'Pr4Co', 'CoOs', 'Mg15Co', 'Sc2Co', 'Sm4Co', 'CoRe', 'TaCo', 'CoS', 'CoH3', 'CoMo', 'CoN3', 'CoAs3', 'CoNi3', 'Zr2Co', 'TiCo', 'CoW', 'CoF2', 'CoPt2', 'Zr4Co', 'CoW3', 'Mn3Co', 'Ga3Co', 'Ta4Co', 'CoNi', 'CoS2', 'CoH', 'U6Co', 'CoSb', 'YCo', 'CoTe', 'Na3Co', 'CoN12', 'CoSe2', 'CoO2', 'NdCo', 'U4Co', 'CoHg3', 'CoTe2', 'Pu6Co', 'Li3Co', 'CoSn3', 'CoGe', 'Be3Co', 'CoO', 'CoF3', 'Hf3Co', 'CoPd', 'ScCo', 'CoRe3', 'CoSe', 'CoRh3', 'BeCo', 'FeCo', 'ZnCo', 'Ti2Co', 'CoSi2', 'Mg3Co', 'NbCo', 'CoAu3', 'Co', 'ZrCo', 'Fe15Co', 'CoPt3', 'GaCo', 'CoRu']"
Ni,Fm-3m,10.492020341068946,"['NiRh', 'NiF3', 'NiI', 'Dy4Ni', 'CdNi', 'Tm4Ni', 'Cr3Ni', 'Zr3Ni', 'NiSe2', 'NiB12', 'NiCl', 'NiAu3', 'SiNi', 'CuNi', 'Cd3Ni', 'Nb3Ni', 'NiF4', 'NiC4', 'Pu4Ni', 'Cs3Ni', 'NiSe', 'NiS2', 'NiAg3', 'NiP3', 'Zr4Ni', 'Er4Ni', 'NiGe3', 'Y4Ni', 'NiBi', 'NiP4', 'NiTe2', 'Mg15Ni', 'ZnNi', 'Li3Ni', 'NiIr', 'NiTe', 'FeNi', 'Na3Ni', 'PaNi', 'NiO', 'Hf3Ni', 'VNi', 'Sr3Ni', 'Hf2Ni', 'NiP2', 'MgNi', 'NiH3', 'NiO2', 'Fe3Ni', 'Lu4Ni', 'NbNi', 'NiH', 'Fe2Ni', 'Re3Ni', 'NiRu', 'NiS', 'NiCl2', 'TbNi', 'Mg149Ni', 'Ni', 'Mg2Ni', 'TcNi', 'In3Ni', 'Ta5Ni', 'Th3Ni', 'NiPb', 'Si2Ni', 'TlNi', 'Cr2Ni', 'AlNi', 'NiBr2', 'U6Ni', 'BeNi', 'ScNi', 'NiC', 'Sc4Ni', 'Nd4Ni', 'CoNi', 'NiIr3', 'Co3Ni', 'Ga5Ni', 'Mg7Ni', 'NiAs', 'NiPt3', 'La4Ni', 'NiAs2', 'NiN', 'Ti3Ni', 'V3Ni', 'CaNi', 'CrNi', 'Ta2Ni', 'MnNi', 'Zr2Ni', 'GaNi', 'Be3Ni', 'Zn3Ni', 'NiHg', 'NiPt', 'NiPd3', 'NiF2', 'Ca4Ni', 'InNi', 'Ho4Ni', 'NiSb', 'Tc3Ni', 'Yb4Ni', 'NiSb3', 'TaNi', 'NiI2', 'TiNi', 'NiPd']"
Cu,Fm-3m,11.445998564977856,"['Hf2Cu', 'SmCu', 'CuTe2', 'GdCu', 'Zn3Cu', 'CuH', 'CuSn3', 'CuO', 'Mg2Cu', 'InCu', 'SrCu', 'Ta3Cu', 'CuAs2', 'Mg4Cu', 'CuNi', 'BeCu', 'Sr3Cu', 'CuGe3', 'Th2Cu', 'CuBr2', 'CuI2', 'Ga2Cu', 'CuSn', 'Mn4Cu', 'Mg5Cu', 'Al2Cu', 'Ga3Cu', 'CuI', 'TmCu', 'CuP2', 'Cu', 'CuS2', 'MgCu', 'YCu', 'CuP10', 'V3Cu', 'EuCu', 'NaCu', 'CuBr', 'CuPb3', 'HoCu', 'Ce3Cu', 'U3Cu', 'Fe3Cu', 'CuRh', 'Pr3Cu', 'CuF', 'ZnCu', 'Be2Cu', 'CuCl', 'CuF2', 'CuN3', 'Be3Cu', 'AlCu', 'CuSe2', 'CuAu3', 'Pm3Cu', 'BaCu', 'CuN', 'CuAu4', 'Ti2Cu', 'Cr3Cu', 'Zr3Cu', 'CuPd', 'ZrCu', 'CuNi3', 'Co3Cu', 'CuCl2', 'CuPd3', 'CuTe', 'Li3Cu', 'CuCl4', 'ScCu', 'CuI4', 'K3Cu', 'CuS', 'CuRu3', 'DyCu', 'TiCu', 'Mg3Cu', 'Zr2Cu', 'CuAu', 'ErCu', 'In3Cu', 'CaCu', 'CuPt', 'Nb3Cu', 'CuAg3', 'CuAs', 'Mg15Cu', 'Al3Cu', 'CuBi', 'TbCu', 'Np3Cu', 'Na3Cu', 'CuO2', 'Ti3Cu', 'Nd3Cu', 'Mg7Cu', 'In2Cu', 'CuPt7', 'Yb3Cu', 'Tl3Cu', 'CuSe']"
Zn,P6_3/mmc,28.845108913918352,"['ZnNi3', 'ZnSi3', 'MgZn', 'ZnAs2', 'Ca3Zn', 'ZnBi3', 'Pm3Zn', 'Mg3Zn', 'ZnNi', 'ZnAu3', 'ZnFe', 'ZnO', 'Li3Zn', 'ZnTe', 'Ba2Zn', 'ZnN6', 'ZnF2', 'ZnHg3', 'Rb3Zn', 'ZnP2', 'ZnCl2', 'ZnSn3', 'ZnPb3', 'ZnAg', 'Hf2Zn', 'ZnI2', 'ZnSe', 'ZnSb2', 'Na3Zn', 'ZnIn3', 'Ti3Zn', 'Pr3Zn', 'ZnS', 'ZnCo3', 'ZnPt', 'Th2Zn', 'ZnBr2', 'K3Zn', 'ZnPd', 'Zr3Zn', 'Ac3Zn', 'Tl3Zn', 'U3Zn', 'Zn', 'Nd3Zn', 'ZnPd3', 'ZnPd2', 'Ti2Zn', 'Sm3Zn', 'ZnCu', 'Ce3Zn', 'La3Zn', 'Mg2Zn', 'Th3Zn', 'ZnAg3', 'Mg5Zn', 'Mn3Zn', 'Zr2Zn', 'Ca2Zn', 'ZnRh3']"
Ga,Cmce,76.70242103705301,"['GaHg3', 'PuGa', 'Mn3Ga', 'Mg3Ga', 'Mn4Ga', 'GaGe3', 'Lu3Ga', 'GaBi', 'GaO', 'GaCo3', 'GaNi2', 'VGa', 'GaSe', 'GaP', 'MgGa', 'GaTe', 'GaN', 'ZrGa', 'GaC', 'GaFe3', 'Li3Ga', 'GaFe2', 'GaRe', 'GaF3', 'Zr2Ga', 'GaPt3', 'GaAg2', 'GaAg3', 'Hf3Ga', 'GaH3', 'GaSi3', 'GaI2', 'GaPb3', 'Ce3Ga', 'Ti3Ga', 'GaAs', 'GaO5', 'Mg149Ga', 'Sc3Ga', 'Tm3Ga', 'GaO3', 'GaPd3', 'GaCu2', 'MnGa', 'GaCu4', 'Th2Ga', 'GaNi3', 'GaPd', 'GaRh3', 'In3Ga', 'Mg5Ga', 'GaS', 'GaBr3', 'SrGa', 'GaFe', 'GaBr2', 'GaCo4', 'GaCu3', 'Ga', 'Hf2Ga', 'EuGa', 'Ti2Ga', 'Na3Ga', 'Mg7Ga', 'GaH', 'GaSn3', 'Cd3Ga', 'K3Ga', 'CrGa', 'GaPt', 'GaI3', 'Mg15Ga', 'Mg2Ga', 'GaCl3', 'TiGa', 'GaTc', 'UGa', 'Rb3Ga', 'GaSb']"
Ge,Fd-3m,45.68820923290832,"['GeO2', 'ZrGe', 'GeBi3', 'Hf3Ge', 'GeH4', 'GeB', 'Al3Ge', 'Nb3Ge', 'CeGe', 'Re3Ge', 'GeRu', 'MnGe', 'GeSb', 'RbGe', 'GeRh', 'LiGe', 'Ca7Ge', 'GePt2', 'NaGe', 'Y3Ge', 'GeP', 'GeRh3', 'GePd2', 'K3Ge', 'Co4Ge', 'Ti3Ge', 'GeCl4', 'CrGe', 'Rb3Ge', 'GeF2', 'GeSe2', 'GeSe', 'Si7Ge', 'GeI2', 'Zn3Ge', 'Ge', 'Ni4Ge', 'In3Ge', 'Pa3Ge', 'Ti2Ge', 'ZnGe', 'Ni3Ge', 'V3Ge', 'GeS2', 'Hg3Ge', 'GeMo3', 'Sn3Ge', 'Co2Ge', 'GeP2', 'Pu3Ge', 'Ca2Ge', 'MgGe', 'Er3Ge', 'Pm3Ge', 'Cu3Ge', 'GePd5', 'Hf2Ge', 'Mg5Ge', 'Mn3Ge', 'GeAs2', 'GePb3', 'Tm3Ge', 'Cs3Ge', 'Fe3Ge', 'GeP3', 'Ag3Ge', 'GeAs3', 'SiGe', 'Li3Ge', 'GeTe', 'Th2Ge', 'Tc3Ge', 'GeI4', 'FeGe', 'Cd3Ge', 'Mg2Ge', 'Mg3Ge', 'GeC', 'GePt3', 'GeBr4', 'Na3Ge', 'U3Ge', 'Mn2Ge', 'Ga3Ge', 'Fe2Ge', 'ThGe', 'Be3Ge', 'Si3Ge', 'GeBr2', 'ScGe', 'SnGe', 'KGe', 'CoGe', 'Ni2Ge', 'GaGe', 'Tl3Ge', 'GeSb3', 'CsGe', 'GeF4', 'Zr3Ge', 'GeAs', 'Cr3Ge', 'GeAu3']"
As,Cmce,98.54977227954305,"['TbAs', 'HoAs', 'AsS2', 'AsS', 'Er3As', 'TaAs', 'TlAs', 'AsPd4', 'Ba2As', 'K3As', 'MgAs', 'Nb2As', 'AsCl3', 'Cr3As', 'ThAs', 'AsPd2', 'Mg5As', 'AsF5', 'B6As', 'SbAs', 'Zn2As', 'AsPd5', 'Si3As', 'PaAs', 'AsF3', 'TiAs', 'EuAs', 'AsCl5', 'Cs3As', 'YAs', 'Ho3As', 'LuAs', 'Ta3As', 'AsPb3', 'In3As', 'ErAs', 'Sr2As', 'CoAs', 'GdAs', 'Fe2As', 'Ti3As', 'Rb3As', 'PuAs', 'UAs', 'AsP', 'GaAs', 'As', 'BAs', 'AsN9', 'V3As', 'SnAs', 'Ca2As', 'NdAs', 'SrAs', 'AlAs', 'DyAs', 'LiAs', 'Np3As', 'Ge3As', 'Dy3As', 'Ag3As', 'Na3As', 'Al3As', 'CaAs', 'NaAs', 'Cu4As', 'SiAs', 'NbAs', 'InAs', 'TeAs', 'Hf2As', 'AgAs', 'HfAs', 'AsPt3', 'ScAs', 'YbAs', 'Bi3As', 'NiAs', 'Sc3As', 'ZrAs', 'Tc3As', 'AsAu3', 'RbAs', 'SmAs', 'TmAs', 'Cr2As', 'LaAs', 'Mn2As', 'AsRh2', 'Ta2As', 'Co2As', 'Cd3As', 'Hg3As', 'Hf3As', 'Cu2As', 'MnAs', 'CuAs', 'Li3As', 'ZnAs', 'Tl3As', 'AsI3', 'CeAs', 'CrAs', 'Sn3As', 'AsO3', 'Cu3As', 'AsBr3', 'Ga3As', 'NpAs', 'PrAs', 'AsSe', 'Ni3As', 'GeAs', 'KAs', 'Sr3As', 'AsO2', 'AsH3']"
Se,P2_1/c,2135.296539085758,"['Se', 'Li2Se', 'Rh3Se', 'Nb2Se', 'SeO3', 'Cr3Se', 'SmSe', 'YbSe', 'Ni3Se', 'SeCl', 'GaSe', 'EuSe', 'Mo3Se', 'LaSe', 'ScSe', 'SeI2', 'Ga3Se', 'AuSe', 'SeS', 'NiSe', 'Nb3Se', 'TiSe', 'SeBr2', 'Co3Se', 'P2Se', 'Ir3Se', 'CeSe', 'PuSe', 'GeSe', 'SeN', 'MgSe', 'Fe3Se', 'Cu2Se', 'Pd4Se', 'KSe', 'GdSe', 'AgSe', 'SrSe', 'SeCl4', 'SeO4', 'SeBr4', 'BiSe', 'TmSe', 'SeO2', 'TeSe', 'SeF4', 'NpSe', 'CsSe', 'PmSe', 'USe', 'LuSe', 'Ag2Se', 'Bi2Se', 'InSe', 'Mg149Se', 'Th3Se', 'PSe', 'FeSe', 'Cd3Se', 'Zr3Se', 'In3Se', 'TlSe', 'YSe', 'MnSe', 'DySe', 'HoSe', 'Tb3Se', 'ZnSe', 'ZrSe', 'SeBr3', 'Hf2Se', 'Na2Se', 'BeSe', 'VSe', 'Cs2Se', 'RbSe', 'SnSe', 'NdSe', 'Hf3Se', 'H2Se', 'IrSe', 'SeS7', 'ThSe', 'HgSe', 'CdSe', 'SeBr', 'Rb2Se', 'PbSe', 'Ti3Se', 'Ba3Se', 'RhSe', 'MoSe', 'Sn3Se', 'PrSe', 'ErSe', 'CrSe', 'CaSe', 'As2Se', 'PdSe', 'Ag3Se', 'CoSe', 'NaSe', 'BaSe', 'AsSe', 'TbSe', 'Ta2Se', 'Zn3Se', 'CuSe', 'Te3Se']"
Br,Cmce,132.8423775658678,"['Cu4I3Br', 'BrO4', 'Se3Br', 'Cu2BrO3', 'LiBr', 'V3Br', 'BrO', 'TbBr', 'ReBr', 'NaBrO3', 'Ti3Br', 'CuBrO2', 'NdBrO', 'BrNO', 'H4BrN', 'PbBrF', 'Rb3BrF12', 'SmBr', 'BaBrF', 'PrBrO', 'BaHBr', 'Th3Br', 'BrF3', 'Cs2BrCl', 'NaBr', 'AgBrO2', 'TbSBr', 'CeBrO', 'PrSBr', 'AgBr', 'YBrO', 'Te2Br', 'RhBr', 'Ac3Br', 'BrN', 'BrO3', 'HgBr', 'B10H13Br', 'SnBrCl', 'Pa3Br', 'Li2BrO', 'SbBrO', 'CBrN', 'Cu4BrCl3', 'Fe4Se3Br', 'SrBrF', 'BrF5', 'CaBr', 'HBr', 'Zr3Br', 'PuBrO', 'CuBr', 'AuBr', 'UBrO5', 'CoBr', 'SBr', 'GdBrO2', 'LuBrO', 'YCBr', 'S3Br', 'Ce3Br', 'H9BrO4', 'Mn3Br', 'PBr', 'RbBr', 'SrHBr', 'Nd3Br', 'AcBrO', 'Pr3Br', 'Mg3Br', 'ThBrN', 'GdBrO', 'NaBrO2', 'Pu3Br', 'LuBr', 'BiBrO', 'CsBrF', 'Mg149Br', 'ErBrO', 'NdBrO2', 'BrN4', 'Br', 'YbBrO', 'KBr', 'BBr', 'IBr', 'Ag3Br', 'TmBrO', 'BrCl', 'InI2Br', 'GdBr', 'PbBrCl', 'HoBrO', 'Sb4BrO6', 'GdCBr', 'HgSBr', 'BiBr', 'Tl3Br', 'GdSBr', 'TmBr', 'ZrBr', 'Bi2IBr', 'LaBrO2', 'BrN3', 'Eu2BrO2', 'Na3BrCl2', 'YbBr', 'LaBrO', 'PH4Br', 'BrO2', 'CdBrO', 'CsBr', 'NiBrO', 'TbCBr', 'SeBr', 'SmSBr', 'La3Br', 'Bi3BrO4', 'CBrF2', 'HgBrN', 'LaBr', 'EuBrO', 'TiBrO', 'UBrN', 'LaCBr', 'SmBrO', 'Rh3Br', 'PrBrO2', 'Bi3Se4Br', 'H7BrO3', 'CoBrO', 'Au3Br', 'SnBrF', 'UBr', 'EuBrO2', 'Ba2P7Br', 'H5BrO2', 'ScBrO', 'TlBr', 'CaHBr', 'InBr']"
Kr,R-3m,141.71468334419296,"['Hg2Te4Kr3(O2F13)2', 'BiKrF7', 'Sb2(KrF4)5', 'As2Kr3F16', 'SbKrF7', 'Kr', 'KrF2', 'SbKr3F11', 'AsKrF7', 'AsBrKr2OF12']"
Rb,C2/c,722.1109726006154,"['RbSr3', 'RbTaO3', 'RbSn', 'RbHO', 'RbP', 'RbC8', 'RbHg5Cl11', 'RbAg4I5', 'RbBr3', 'RbAg3Te2', 'RbBa3', 'RbGe3', 'RbI', 'RbSrCl3', 'RbMg', 'RbGe', 'RbHS', 'RbCd13', 'RbPb', 'RbHg2', 'RbGa7', 'Rb(CuO5)2', 'RbEu3', 'RbBi3', 'RbAl', 'RbN3', 'RbMnTe2', 'RbNp3', 'RbYb3', 'RbCr5Se8', 'RbCr3O8', 'RbAc3', 'RbV5S8', 'RbPO4', 'RbSeO4', 'RbSb2', 'RbIn4', 'Rb(CO)2', 'RbMg3', 'RbF2', 'RbCu3S2', 'RbMnSe2', 'RbH2N', 'RbAuBr3', 'RbIn5S8', 'RbMg15', 'RbSc5Te8', 'RbSi', 'Rb(CrS2)2', 'RbBr', 'RbZn13', 'RbBe2F5', 'RbTl3', 'RbHg11', 'RbCe3', 'RbV5Se8', 'RbSb', 'RbV3O8', 'RbGeBr3', 'RbO3', 'RbF', 'RbBi2', 'Cs3Rb', 'RbAu', 'RbCuO', 'RbBiF3', 'RbBi4Se7', 'RbO2', 'RbAg3Se2', 'RbP15', 'RbGa3', 'RbO2F', 'RbS', 'RbSb3', 'RbCa3', 'RbB', 'RbSe', 'RbTe6', 'RbSn3', 'RbP11', 'K3Rb', 'RbMg7', 'RbPr3', 'RbCl', 'CsRb', 'RbTe', 'RbGeCl3', 'RbAg3S2', 'RbAs', 'RbBi', 'RbAu5', 'RbNa3', 'RbBiF4', 'RbI3', 'RbSeBr3', 'RbYb', 'RbIn3S5', 'RbRe', 'Rb', 'RbN', 'Rb(WO3)3', 'RbTlO', 'RbLi2O3', 'RbC10', 'Rb(WO4)8', 'RbSnF3', 'RbHg3', 'RbMg2', 'RbC', 'RbMg149', 'RbH', 'RbC2', 'RbSnBr3', 'RbF3', 'RbBi3Se5', 'RbU3']"
Sr,P6_3/mmc,112.86603919480832,"['SrF2', 'SrCl2', 'SrMg7', 'Sr', 'SrMg15', 'SrEu', 'SrPt2', 'SrTb3', 'SrCu', 'SrPd3', 'SrMg5', 'SrSm3', 'SrLa3', 'SrU', 'SrO', 'SrBe13', 'SrHg2', 'SrO2', 'Ba3Sr', 'SrO6', 'SrGd3', 'SrTl3', 'SrGe2', 'SrS', 'SrIn3', 'SrTl', 'SrAs3', 'SrTe', 'SrMg2', 'SrMg3', 'SrAg5', 'SrCa', 'SrCu5', 'SrZn5', 'SrZn13', 'SrH3', 'SrSe', 'SrIn2', 'SrTh3', 'SrBr2', 'SrEu3', 'SrSn3', 'SrPd2', 'SrB2', 'SrB6', 'SrI2', 'SrCa3', 'SrY', 'SrIn5', 'SrAu', 'SrF3', 'SrAs', 'SrAl', 'SrPm3', 'SrZn2', 'SrSi', 'SrC', 'SrMg', 'Rb3Sr', 'Cs3Sr', 'K3Sr', 'SrBr3', 'SrF', 'SrLu', 'SrDy3', 'SrSi2', 'SrPt5', 'SrGa4', 'SrH2', 'SrC10', 'SrCd3', 'SrMg4', 'SrC6', 'SrYb3', 'SrPb3', 'SrN', 'SrCd11', 'SrCd', 'SrPa3', 'SrC2', 'SrN2', 'SrAl2', 'SrAu5', 'SrAc3', 'SrNd3', 'SrGe3', 'SrPr3', 'SrO4', 'SrZn11', 'SrO10', 'SrGa', 'SrYb', 'SrRh2', 'SrTb', 'SrHg11', 'SrPd5', 'SrSb2', 'SrC20', 'SrHg3', 'SrIr2', 'SrN6', 'SrHg', 'SrGa2', 'SrP2', 'SrCe3', 'SrBi3', 'SrO3', 'SrCl3', 'SrTl2', 'SrS2', 'SrAl4', 'SrP3', 'SrIn4', 'SrP']"
Y,P6_3/mmc,67.55562608311241,"['YIr', 'YSb', 'YCl', 'YCu2', 'YPd2', 'Yb3Y', 'YFe5', 'Sm3Y', 'YSi', 'YB2', 'Pr2Y', 'YTe', 'YAu2', 'YAs3', 'YRu2', 'YZn5', 'Ac3Y', 'CeY', 'YAg', 'YSn', 'YC', 'YGa3', 'YCo5', 'Nd2Y', 'YTe2', 'YAs', 'YAg2', 'YMg149', 'YCd2', 'YNi5', 'YC2', 'YCd', 'YSc', 'YEr3', 'YAg3', 'YCu', 'YS', 'YPd3', 'Dy3Y', 'YHg3', 'YHo', 'YHg2', 'YZn2', 'YGa6', 'YCo3', 'Nd3Y', 'YGe2', 'YO', 'SrY', 'YMg3', 'YZn12', 'YRh', 'YZn', 'YMg2', 'YSe2', 'YFe2', 'YO2', 'YSi3', 'YRe2', 'YIn', 'Gd3Y', 'YF3', 'YLu3', 'YTl3', 'YMn2', 'YMg7', 'YSi2', 'YNi3', 'YTm3', 'KY', 'YRh5', 'YMn12', 'YGa2', 'YEr', 'YOs2', 'YHo3', 'YTc2', 'YH3', 'Y', 'YAl3', 'PmY', 'YCu5', 'YB6', 'YOs3', 'K3Y', 'Rb3Y', 'YI3', 'YN', 'YBr2', 'YZr', 'Tb3Y', 'YP', 'Ce3Y', 'YCo', 'YAu', 'YMg15', 'YSn3', 'YMg5', 'LaY', 'YTh', 'YTi', 'CsY', 'YAl', 'YCl3', 'YPb3', 'Ca3Y', 'YFe3', 'YO3', 'YMg', 'YBi3', 'YI', 'YPt3', 'YFe12', 'PrY', 'Eu3Y', 'YPu3', 'YSb2', 'YTl', 'YNp3', 'YRu3', 'YIn3', 'Pr3Y', 'YU3', 'Li3Y', 'YRh3', 'Pm3Y', 'Ba3Y', 'YBr3', 'YIr3', 'YHg', 'YP5', 'YB4']"
Zr,P6_3/mmc,46.99931887465835,"['Mg7Zr', 'ZrTi3', 'ZrRu2', 'ZrF4', 'ZrBr3', 'ZrP3', 'ZrNi5', 'ZrS3', 'ZrGa3', 'La3Zr', 'K3Zr', 'ZrH', 'ZrCl2', 'ZrPt3', 'ZrN', 'GdZr', 'Mg149Zr', 'ZrBe5', 'ZrB6', 'ZrI4', 'ZrCu3', 'ZrSb3', 'ZrBe2', 'ZrI2', 'ZrCu5', 'LuZr', 'ZrZn3', 'ZrS2', 'ZrTi', 'ZrGa', 'Mg15Zr', 'ZrS', 'ZrSn', 'ZrPd2', 'ZrHg3', 'TbZr', 'ZrB2', 'ZrMn2', 'ZrSc2', 'Na3Zr', 'Nd3Zr', 'ZrNi3', 'ZrOs2', 'Yb3Zr', 'ZrCl', 'Sr3Zr', 'ZrMn3', 'ErZr', 'ZrPd', 'ZrSb', 'ZrV2', 'MgZr', 'Rb3Zr', 'ZrAu', 'Mg3Zr', 'ZrH2', 'ZrBr2', 'TmZr', 'ZrN2', 'Zr', 'ZrAl2', 'ZrCd3', 'ZrRe2', 'Pm3Zr', 'ZrTe', 'HoZr', 'ZrAu2', 'ZrIn2', 'ZrTe2', 'ZrSi', 'ZrCo3', 'ZrCl3', 'ZrOs3', 'Ho3Zr', 'DyZr', 'ZrIn', 'Pr3Zr', 'ZrIr3', 'ZrU3', 'ZrHg', 'PmZr', 'Ac3Zr', 'ZrP', 'ZrSe', 'ZrRh', 'ZrCr2', 'ZrPb', 'ZrCu', 'ZrAg2', 'ZrSn3', 'NdZr', 'SmZr', 'ZrBr4', 'ZrAg', 'ZrCl4', 'YZr', 'ZrC', 'ZrBr', 'ZrTc2', 'ZrAs', 'HfZr', 'ZrNp3', 'Pu3Zr', 'ZrCd', 'ZrRu3', 'Sm3Zr', 'ZrPt', 'ZrI3', 'Dy3Zr', 'ZrO2', 'ZrIn3', 'ZrIr', 'Tb3Zr', 'ZrRu', 'ZrSe3', 'ZrSe2', 'ZrPt8', 'ZrTe3', 'ZrB', 'Eu3Zr', 'ZrFe2', 'ZrOs', 'K2Zr', 'ZrPd3', 'ZrSc', 'PuZr', 'ZrO', 'ZrTi2', 'ZrAl3']"
Nb,Im-3m,18.258066615716924,"['U3Nb', 'Pr3Nb', 'NbPt3', 'Sc3Nb', 'NbRh3', 'NbO', 'NbCo3', 'NbIr3', 'NbO3', 'NbSb2', 'Mg3Nb', 'Nb', 'NbI4', 'Mn2Nb', 'Be12Nb', 'Th3Nb', 'NbSe3', 'NbPd3', 'NbGe2', 'NbCo2', 'NbS2', 'Pa3Nb', 'NbH2', 'NbFe', 'NbAl3', 'Mg7Nb', 'NbRh', 'NbO2', 'NbSb', 'NbCr2', 'NbSi2', 'ScNb', 'Mg15Nb', 'NbCl4', 'Li3Nb', 'Sr3Nb', 'Ac3Nb', 'NbFe2', 'NbGa3', 'NbF5', 'NbCd3', 'NbTe2', 'NbNi', 'NbP2', 'NbAs2', 'Be2Nb', 'NbFe3', 'K3Nb', 'NbF4', 'NbB2', 'NbC', 'NbH', 'NbP', 'NbAs', 'NbRu', 'NbRu3', 'NbAs3', 'NbZn2', 'La3Nb', 'NbRh2', 'NbN', 'Rb3Nb', 'NbCl5', 'NbNi2', 'Yb3Nb', 'NbSe4', 'NbS3', 'NbPt2', 'Mg149Nb', 'NbI3', 'NbTe4', 'NbIr', 'NbF3', 'NbSe2', 'Be3Nb', 'NbNi3', 'NbI5', 'NbBr5', 'NbBr4', 'NbSn3', 'Na3Nb', 'NbH4', 'NbZn3', 'NbPd', 'NbCr3', 'NbPt4', 'NbOs3', 'NbS', 'NbPd4', 'Ba3Nb', 'NbCo', 'Ti3Nb', 'NbAu4', 'NbTe', 'Eu3Nb', 'NbAu2']"
Mo,Im-3m,15.89162790660502,"['Si3Mo', 'Rb3Mo', 'Mg7Mo', 'B3Mo', 'Tc3Mo', 'MoRh3', 'MoF6', 'Sb3Mo', 'Bi3Mo', 'Re3Mo', 'MoCl6', 'Fe4Mo', 'MoN2', 'Sn2Mo', 'Ge3Mo', 'Ac3Mo', 'K3Mo', 'Eu3Mo', 'MoSe2', 'MoCl4', 'MoPd', 'Zn6Mo', 'Al5Mo', 'MoS2', 'U2Mo', 'MoC', 'Mg149Mo', 'MoRh', 'B2Mo', 'UMo', 'MoN', 'MoIr3', 'MoP2', 'Hf4Mo', 'Pa3Mo', 'Ge2Mo', 'Ba3Mo', 'VMo', 'MoRu3', 'TeMo', 'Be12Mo', 'Si2Mo', 'MoBr3', 'MoH', 'MoS3', 'MoP4', 'Al12Mo', 'Mo', 'MoPt', 'CoMo', 'Sr3Mo', 'MoIr', 'MoPb3', 'Ni3Mo', 'MoO4', 'Zn7Mo', 'Mg3Mo', 'MoCl3', 'V3Mo', 'Fe3Mo', 'Be13Mo', 'MoO2', 'MoOs', 'SiMo', 'MoI3', 'MoPd4', 'Fe2Mo', 'Be22Mo', 'Na3Mo', 'MoF4', 'MoF3', 'MoAs2', 'Al3Mo', 'MoCl5', 'Mg15Mo', 'MoF5', 'MoO3', 'Yb3Mo', 'MoPt3', 'BMo', 'MoP', 'MoPb', 'Te2Mo', 'MoRu', 'MoO5', 'MoP3', 'MoSe', 'MoPd3', 'Co3Mo', 'Rb2Mo', 'MoIr4', 'Sn3Mo', 'Zr4Mo', 'Li3Mo', 'Be2Mo', 'B4Mo', 'Th3Mo']"
Tc,P6_3/mmc,28.503381002021815,"['SiTc', 'Tc(ClO)6', 'MnAl2Tc', 'TlZn2Tc', 'Ti2MnTc', 'Be3Tc', 'Al12Tc', 'CaTcO3', 'TcRu', 'TiTc', 'TlTcIr2', 'Ga3Tc', 'Cs2TcF6', 'TcBr4', 'Nb2ReTc', 'Tc(Br3N)2', 'TcRh3', 'Al4Tc', 'Cs2TcI6', 'TcGe3', 'PuTcB2', 'Er2TcAg', 'TcRu3', 'Mg16Al12Tc', 'Al2TcPd', 'Sr2TcO4', 'Tc(NF3)2', 'Hf2ZnTc', 'TcPt3', 'TcP4', 'Nb2TcRu', 'Zr2TcOs', 'TaTcPb2', 'TcPt', 'TcSnSe', 'CrTcO3', 'NbTc', 'Tc(I3O)2', 'Ti2AlTc', 'TcB2', 'TcI4', 'Ho2MgTc', 'TaTc', 'Ta2TcOs', 'UTcO3', 'CoTc', 'Ta2ReTc', 'Hf2TcNi', 'CuTcBi', 'Na3Tc', 'TcOF4', 'TcN', 'Zr2TcRu', 'Zn7Tc', 'K2TcH9', 'TlTcO3', 'Tc(Br3O)2', 'ReTc', 'TcB', 'TcNiW', 'TcB4', 'Sc3Tc', 'Ho2ZnTc', 'K2TcCl6', 'TcC', 'TcW', 'CaTcN3', 'TcIr', 'Sc2ZnTc', 'Rb3Tc', 'TcF6', 'TcAg3', 'TcF3', 'LiTh2Tc', 'Tc(NCl3)2', 'TlTcO2', 'CaTaTc', 'TcCl3', 'TcRh', 'MnAlTc', 'Cs2TcCl6', 'Zr2TcNi', 'Tc', 'BeTcSe', 'MnTcPd', 'Th2CuTc', 'Hf2TcIr', 'TcIr3', 'SrTcN3', 'TcBi3O8', 'Zr2CuTc', 'Tc(CO)5', 'TcNi', 'BaTcO3', 'VTc', 'K2TcBr6', 'K2TcF6', 'Zr2TcRh', 'Re3Tc', 'TcO3F', 'Mg3Tc', 'Hf2TcPd', 'TcN2', 'TcAgO2', 'LaTcN3', 'K3Tc', 'TcS2', 'Nb2Tc', 'Hf2CuTc', 'TcSnO3', 'Er2CuTc', 'Rb2TcCl6', 'TcO2F3', 'Ti2FeTc', 'NpTcO3', 'TcBr3', 'Rb2TcI6', 'Be13Tc', 'TcP3', 'Mg3TcH7', 'MnTcOs', 'Sc2GaTc', 'K2Tc', 'TcF4', 'TcW2C', 'ZnTcMo', 'Na2TcF6', 'Zr2TcIr', 'Mg149Tc', 'SrTcO3', 'Lu2CdTc', 'K2Tl6Tc', 'LiTcO3', 'K2TcI6', 'Ti2GaTc', 'KTcO2', 'TcMo', 'Li2TcO3', 'EuTcO3', 'Eu3Tc', 'TcAs3', 'YbTcO3', 'KTcO3', 'TcOs3', 'U2Tc', 'Ta2TcRu', 'HfTc', 'TcO2', 'ZrTcCl', 'Zr2FeTc', 'TcNO2', 'Tm2TcAg', 'Li3Tc', 'Nb2TcOs', 'TcCl4', 'YTcN3', 'GaTc', 'NaTcO3', 'Er2MgTc', 'Al6Tc', 'Al3Tc', 'TcIrOs', 'Pa3Tc', 'Ti2BeTc']"
Ru,P6_3/mmc,27.10235367049707,"['K3RuF6', 'Ta3Ru', 'Te2Ru', 'Yb2Ru', 'ThRu', 'TcRu', 'Be3Ru', 'Cr3Ru', 'Cd4RuN4', 'Ag3Ru', 'BRu', 'Tb3Ru', 'PrSi2Ru', 'RuN2', 'Cu3Ru', 'ScRu', 'Si4P4Ru', 'GeRu', 'K3RuF12', 'Te4Mo2Ru', 'NdSi2Ru', 'Dy2Ge2Ru', 'Tl3Ru', 'RuO4', 'Er3RuI3', 'Lu3Ru', 'Co4Ru', 'RuW', 'PRu', 'RuI', 'Tc3Ru', 'RuO2', 'Be2Ru', 'GaRu', 'Rb3Ru', 'Ce3Ru', 'RuBr3', 'Y3Ru', 'RuRh4', 'AsPRu', 'SiRu', 'TiRu', 'Nd2Ge2Ru', 'Pu3Ru', 'Mo2RuSe4', 'Pr2Ge2Ru', 'Er3Ru', 'HfRu', 'RuF4', 'Mg2Ru', 'Pr3Ru', 'MnRu', 'Nd4Ru', 'Mo4Ru', 'Sn2Ru', 'Na3Ru', 'KRuN', 'Sc3RuC4', 'RuRh3', 'Dy3Ru', 'RuF3', 'CeSi2Ru', 'Ga2Ru', 'Th4Ru', 'As2Ru', 'Sc2Si2Ru', 'La3Ru', 'Sn3Ru', 'Nd3Ru', 'NiRu', 'Ho2Ge2Ru', 'V3Ru', 'P4Ru', 'VRu', 'La4Ru', 'NdSi3Ru', 'OsRu', 'Sm3Ru', 'NaRuO2', 'Pr3RuBr3', 'CrRu', 'NiSb6Ru', 'Al12Ru', 'AsRu', 'IrRu', 'Ru(N2Cl)3', 'RuSe2', 'PdRu', 'P3Ru', 'Mg3Ru', 'Ho3Ru', 'V4Ru', 'Zn6Ru', 'NbRu', 'RuF5', 'AlRu', 'Nb2Ru', 'RuN', 'Ni4Ru', 'LaGe3Ru', 'RuPt', 'Tm3Ru', 'ThSi3Ru', 'RuRh', 'Ce4Ru', 'LaSi2Ru', 'Ru', 'YbRu', 'Al6Ru', 'Si2Ru', 'Ru(IN3)2', 'Pr4Ru', 'P2Ru', 'B2Ru', 'SbAsRu', 'Mo2Ru', 'LaSi3Ru', 'Rb3RuF12', 'RuAu3', 'Be8Ru', 'Y3RuI3', 'RuCl3', 'K3Ru', 'MoRu', 'Mg149Ru', 'Al3Ru', 'Sb2Ru', 'Ti4Ru', 'Nb3Ru', 'Y2Ge2Ru', 'ZrRu', 'La3RuI3', 'Al2Ru', 'RuS2', 'Ba3RuF6', 'Zn3Ru', 'Nd3RuO7', 'Ga3Ru', 'PuRu', 'FeRu', 'RuF6', 'LuRu', 'Er2Ge2Ru', 'Si3Ru', 'In3Ru', 'Sm4Ru', 'CeSi3Ru', 'RuC', 'Co3Ru', 'SbRu', 'Re3Ru', 'Na3RuO4', 'Pr3RuI3', 'Ir3Ru', 'Li7RuO6', 'TaRu', 'CoRu']"
Rh,Fm-3m,13.782780337825384,"['NiRh', 'Nb3Rh', 'Tb4Rh', 'RhN2', 'Re3Rh', 'P3Rh', 'CeRh', 'RhO3', 'Sm4Rh', 'Co3Rh', 'RhN3', 'P2Rh', 'Y4Rh', 'Ti2Rh', 'AsRh', 'BiRh', 'Sb3Rh', 'Lu4Rh', 'RhF3', 'RhPb', 'GdRh', 'LaRh', 'GeRh', 'Pt3Rh', 'RhPb2', 'Tb3Rh', 'Zr3Rh', 'RhS', 'RhC', 'RhS2', 'Th3Rh', 'Ca2Rh', 'Be3Rh', 'SnRh', 'RhI3', 'Nd4Rh', 'V3Rh', 'RhBr', 'SbRh', 'Pu4Rh', 'PdRh', 'Bi4Rh', 'Ge3Rh', 'DyRh', 'Sb2Rh', 'RhBr3', 'Ga3Rh', 'BRh', 'Tc3Rh', 'NbRh', 'HfRh', 'MoRh', 'Eu3Rh', 'Cu3Rh', 'Cr3Rh', 'HRh', 'As3Rh', 'TeRh', 'Ge4Rh', 'Rb3Rh', 'Ru3Rh', 'Ca4Rh', 'ThRh', 'Er3Rh', 'CoRh', 'Dy4Rh', 'Mg2Rh', 'Sm3Rh', 'LiRh', 'Bi3Rh', 'YRh', 'CuRh', 'Ho4Rh', 'ErRh', 'Ag3Rh', 'Ca5Rh', 'Li3Rh', 'YbRh', 'Er4Rh', 'TcRh', 'PtRh', 'Hf2Rh', 'VRh', 'RhSe2', 'RhI2', 'As2Rh', 'MnRh', 'TiRh', 'Ir3Rh', 'SiRh', 'Ba4Rh', 'Mg3Rh', 'CrRh', 'Sn3Rh', 'Mg149Rh', 'RhO2', 'AgRh', 'TmRh', 'Zr2Rh', 'Zn13Rh', 'Hg2Rh', 'Hg3Rh', 'ScRh', 'Tm4Rh', 'IrRh', 'ZrRh', 'FeRh', 'ZnRh', 'In3Rh', 'RhF5', 'Sr4Rh', 'Zn3Rh', 'Yb4Rh', 'Na3Rh', 'Y3Rh', 'Te2Rh', 'RhN', 'Rh', 'Bi2Rh', 'RuRh', 'HoRh', 'InRh', 'K3Rh', 'RhCl3', 'MgRh', 'RhI', 'La4Rh', 'Sn4Rh', 'RhCl2', 'BeRh', 'Mn3Rh', 'RhSe', 'Pd3Rh', 'TbRh', 'Dy3Rh', 'Fe3Rh', 'SmRh', 'AlRh', 'LuRh', 'Ni3Rh', 'RhF6', 'Pr4Rh', 'Sn2Rh', 'Sr2Rh', 'GaRh']"
Pd,Fm-3m,15.02799459406926,"['Zn3Pd', 'CrPd', 'Mg5Pd', 'Y3Pd', 'PdC', 'PdW', 'Ga5Pd', 'PdF2', 'Eu4Pd', 'Yb3Pd', 'TbPd', 'Rb2Pd', 'Fe3Pd', 'HgPd', 'In3Pd', 'HfPd', 'Ba4Pd', 'Li3Pd', 'Fe2Pd', 'Zn2Pd', 'Be5Pd', 'TmPd', 'MnPd', 'PdAu3', 'MoPd', 'IrPd', 'SnPd', 'PdRh', 'ErPd', 'PdPt', 'PdPb', 'PdPb2', 'Ag3Pd', 'Be3Pd', 'AlPd', 'PdS2', 'GePd', 'PuPd', 'PdF3', 'Al2Pd', 'Ca4Pd', 'ScPd', 'ZrPd', 'InPd', 'LiPd', 'Sn2Pd', 'Rb3Pd', 'K3Pd', 'Mg149Pd', 'Ti3Pd', 'Mg2Pd', 'Zr4Pd', 'ZnPd', 'MgPd', 'Th2Pd', 'CaPd', 'Bi2Pd', 'Mg3Pd', 'Zr2Pd', 'Cu3Pd', 'HoPd', 'BePd', 'SbPd', 'Tl2Pd', 'Ti2Pd', 'GaPd', 'Na3Pd', 'PdO2', 'TePd', 'Sr4Pd', 'Pd', 'PdS3', 'LuPd', 'PdRu', 'Re3Pd', 'BiPd', 'CuPd', 'Sc2Pd', 'PdPt3', 'PdSe2', 'Ge3Pd', 'Ba2Pd', 'Pr3Pd', 'Te2Pd', 'PdO', 'Pm3Pd', 'Hf2Pd', 'P3Pd', 'P2Pd', 'Ca3Pd', 'Hg3Pd', 'ThPd', 'DyPd', 'FePd', 'Co2Pd', 'PdBr2', 'PdN', 'PdF4', 'Sr2Pd', 'Ti4Pd', 'Nd3Pd', 'HPd', 'Mo3Pd', 'TiPd', 'As2Pd', 'TaPd', 'V3Pd', 'Ta3Pd', 'Li2Pd', 'PdN2', 'PdPb3', 'K2Pd', 'PdCl2', 'PdI2', 'Sm3Pd', 'PdAu', 'NbPd', 'CoPd', 'PdSe', 'Tc3Pd', 'Sb2Pd', 'Be12Pd', 'AgPd', 'Eu3Pd', 'Al3Pd', 'Cd3Pd', 'LaPd', 'SiPd', 'BaPd', 'YbPd', 'NiPd', 'CdPd']"
Ag,P6_3/mmc,69.45695019121693,"['AgClO2', 'Si3Ag', 'Li2AgF5', 'La3Ag', 'AgI', 'AgPb3', 'Ag', 'Sm3Ag', 'AgAu3', 'Ga3Ag', 'Gd3Ag', 'YbAg', 'ZnAg', 'AgHg', 'AgN3', 'EuAg', 'YAg', 'AgBrO2', 'Li3AgF4', 'Ni3Ag', 'LaAg', 'AgH', 'PrAg', 'AgBr', 'Zn4AgN3', 'Ce3Ag', 'TiAg', 'In3Ag', 'ErAg', 'Ti3Ag', 'BaAg', 'Ti2Ag', 'AgPt4', 'Al3Ag', 'AgSe', 'InAg', 'CeAg', 'AgTe', 'Th2Ag', 'Zr3Ag', 'Li3Ag', 'K2Ag', 'AgCl', 'Ca3Ag', 'HoAg', 'ScAg', 'Hf2Ag', 'AgTe3', 'AgF', 'YAgSe2', 'CaAg', 'Mg3Ag', 'Ac3Ag', 'MgAg', 'Tl3Ag', 'Cd3Ag', 'Pm3Ag', 'AgC6', 'AgAu', 'AgP2', 'Na3Ag', 'Mg5Ag', 'TmAg', 'AgRh', 'Zn3Ag', 'AgPt', 'Be12Ag', 'Mg149Ag', 'FeAg', 'K3Ag', 'AgC', 'SmAg', 'AgAs', 'AgSe5', 'NdAg', 'ZrAg', 'Nd3Ag', 'Hf3Ag', 'AgN', 'AgSn3', 'Zr2Ag', 'Zn2Ag', 'GaAg', 'AgF3', 'Tb3Ag', 'Na4Ag', 'GdAg', 'Rb3Ag', 'HfAg', 'LiAg', 'Pr3Ag', 'AgF2', 'Fe3Ag', 'AcAg', 'Cu3Ag', 'AgPt3', 'CdAg', 'Be2Ag', 'SrAg', 'Eu3Ag', 'AgI2', 'AgO2', 'AgGe3', 'Mg2Ag', 'TbAg', 'Yb3Ag', 'Sr3Ag', 'AgHg3', 'AgIr', 'AgPd', 'AgSbO3', 'In2Ag', 'AgB2', 'V3Ag', 'AgP15', 'DyAg', 'AgO', 'AlAg']"
Cd,P6_3/mmc,44.61503857901331,"['CdCl2', 'Na3Cd', 'Hf2Cd', 'Tl3Cd', 'CdBr2', 'CdSe', 'Ac3Cd', 'Cd', 'CdHg2', 'Nd3Cd', 'CeCd', 'Pr3Cd', 'Ti2Cd', 'CdO2', 'CdAg', 'CdGe3', 'Rb3Cd', 'Mg5Cd', 'CdS', 'Sm3Cd', 'CdI2', 'CdAu', 'CdPt', 'CdTe', 'Li3Cd', 'Np3Cd', 'CdAu3', 'CdP4', 'Mg2Cd', 'CdPb3', 'HfCd', 'Zn3Cd', 'CdH', 'Zr2Cd', 'CdBi3', 'Zr3Cd', 'Th3Cd', 'Pm3Cd', 'Ba2Cd', 'TiCd', 'CdAg3', 'CdHg3', 'CdSn3', 'ZrCd', 'CdPd3', 'K3Cd', 'Mg3Cd', 'CdO', 'UCd', 'MgCd', 'CdPt3', 'CdPd', 'Ce3Cd']"
In,Fm-3m,26.392514730548744,"['Lu2In', 'InGa3', 'NdIn', 'MgIn', 'InF3', 'Th3In', 'Tb2In', 'Tm2In', 'In', 'Rb3In', 'Tl3In', 'InC', 'InCu', 'Mg3In', 'InBi3', 'Na2In', 'InP3', 'Pu3In', 'InRh3', 'Cd3In', 'InO', 'InBi', 'Eu3In', 'InC6', 'Ho3In', 'Nb3In', 'Y3In', 'Lu3In', 'Pr3In', 'Mg5In', 'Sc3In', 'Ti2In', 'Mg149In', 'Gd3In', 'TlIn', 'InPd', 'Mg2In', 'InAg', 'Na3In', 'Ac3In', 'LuIn', 'SmIn', 'InS', 'LaIn', 'Pr2In', 'GdIn', 'Ho2In', 'La2In', 'InAg4', 'HoIn', 'InBr3', 'EuIn', 'Gd2In', 'InP', 'InNi2', 'CdIn', 'InRu3', 'ErIn', 'YIn', 'InPt3', 'CaIn', 'InSe', 'Nd2In', 'Sc2In', 'Tm3In', 'Mn3In', 'ZrIn', 'Sm2In', 'ThIn', 'YbIn', 'InHg', 'Zn3In', 'Ce2In', 'Zr3In', 'Ce3In', 'InNi3', 'InCl', 'InCu2', 'InAs', 'InCu3', 'Dy2In', 'InCl3', 'InTc3', 'La3In', 'InSb', 'Tb3In', 'Np3In', 'InRh', 'TmIn', 'K3In', 'InTe', 'Nd3In', 'InPt2', 'InPb', 'PuIn', 'InI3', 'InSe2', 'Th2In', 'InC3', 'InAu3', 'Y2In', 'PrIn', 'InSn3', 'InNi', 'DyIn', 'InSb3', 'Li3In', 'InGe3', 'Dy3In', 'InPd3', 'InS2', 'Sm3In', 'Ca3In', 'InHg3', 'ScIn', 'TiIn', 'Ti3In', 'InPt', 'InAg3', 'Er3In', 'InN', 'InN3', 'Er2In', 'U3In', 'InH']"
Sn,Fd-3m,70.8975063415447,"['MnSn', 'USn', 'SnS', 'RbSn', 'Yb2Sn', 'Y3Sn', 'SnF4', 'Lu3Sn', 'SiSn', 'V3Sn', 'SnIr3', 'Ni3Sn', 'YSn', 'Mg15Sn', 'SnCl4', 'CuSn', 'SnRh', 'Tm3Sn', 'SnAu3', 'CsSn', 'ZrSn', 'Zr2Sn', 'SnAu5', 'SnSe2', 'Ti2Sn', 'SnSb', 'Co2Sn', 'Ce3Sn', 'SnGe3', 'Tl4Sn', 'SnAu', 'FeSn', 'SnF3', 'AlSn', 'Ca3Sn', 'Na3Sn', 'Ti3Sn', 'SnI4', 'NaSn', 'SnI2', 'CoSn', 'Mg149Sn', 'SnBi', 'TlSn', 'SnRh3', 'Tl3Sn', 'Cu3Sn', 'Mg5Sn', 'Eu3Sn', 'Ga3Sn', 'Mg3Sn', 'SnB', 'SnPt', 'SnO', 'SnCl2', 'SnTe', 'In3Sn', 'Ag3Sn', 'Zn3Sn', 'Sc3Sn', 'MgSn', 'CdSn', 'SnCl', 'SnBr4', 'SnHg3', 'Er3Sn', 'SnC', 'LiSn', 'Mn3Sn', 'Tc3Sn', 'HfSn', 'SnAs3', 'SnSe', 'Mg2Sn', 'Fe3Sn', 'SnS2', 'ScSn', 'SnO2', 'Zr3Sn', 'SnP3', 'SnPd3', 'Sn', 'Re3Sn', 'Na2Sn', 'KSn', 'SnGe', 'SnPb', 'SnPb3', 'Mn2Sn', 'Co3Sn', 'Al3Sn', 'SnH4', 'SnB6', 'Hf3Sn', 'SnP', 'SnBr2', 'Mg7Sn', 'Zr5Sn', 'SnI3', 'SnBi3', 'Fe2Sn', 'SnIr', 'SnF2']"
Sb,R-3m,62.881010949113254,"['YSb', 'VSb', 'SbF4', 'SbPt', 'PuSb', 'SbPt3', 'NpSb', 'CeSb', 'ScSb', 'Ti3Sb', 'SbS2', 'HoSb', 'Ca2Sb', 'SbAs', 'GeSb', 'DySb', 'AlSb', 'SbCl5', 'BSb', 'KSb', 'Mn3Sb', 'Ho3Sb', 'Sc2Sb', 'Ag3Sb', 'SnSb', 'In3Sb', 'NbSb', 'Mn2Sb', 'SbPb4', 'SbO2', 'CsSb', 'ThSb', 'Fe3Sb', 'NaSb', 'Li3Sb', 'ZrSb', 'Mg149Sb', 'Ni3Sb', 'SbBr3', 'Cu2Sb', 'Sn3Sb', 'Mg2Sb', 'Ti2Sb', 'MgSb', 'Sr2Sb', 'SbF5', 'LuSb', 'Sm2Sb', 'SbI3', 'NdSb', 'Cu3Sb', 'In2Sb', 'Pr2Sb', 'BiSb', 'Na3Sb', 'Sc3Sb', 'Mg7Sb', 'Ba2Sb', 'SbPd', 'RbSb', 'SbN9', 'SbRh3', 'Mg5Sb', 'Sb', 'Li2Sb', 'CrSb', 'HfSb', 'Pa3Sb', 'ErSb', 'Zn3Sb', 'TiSb', 'K3Sb', 'Zr3Sb', 'FeSb', 'SbO3', 'SbIr', 'MnSb', 'Tl3Sb', 'Eu3Sb', 'SbS', 'InSb', 'CoSb', 'Mg3Sb', 'Bi3Sb', 'Ce2Sb', 'Nb2Sb', 'PrSb', 'Y3Sb', 'Nd2Sb', 'Ba3Sb', 'Zr2Sb', 'La2Sb', 'Ge3Sb', 'SbPd3', 'Hg3Sb', 'SbF6', 'NiSb', 'USb', 'LaSb', 'Rb3Sb', 'SbTe', 'TmSb', 'SbH3', 'SbAu3', 'TlSb', 'Mg15Sb', 'SbN', 'SbPb3', 'Ga3Sb', 'SbTe2', 'GaSb']"
Te,P3_121,108.19281571621227,"['Rb2Te', 'TmTe', 'EuTe', 'ZnTe', 'YTe', 'KTe', 'TePb', 'TeO', 'PrTe', 'Eu3Te', 'Ga3Te', 'GaTe', 'TeIr', 'NpTe', 'PuTe', 'TeBr4', 'Ge3Te', 'ThTe', 'TeO2', 'BaTe', 'SrTe', 'CrTe', 'Co3Te', 'TeMo6', 'TeBr2', 'GdTe', 'CaTe', 'Te', 'TeI7', 'ErTe', 'TeI2', 'Ba3Te', 'TeS3', 'TePd4', 'BiTe', 'NiTe', 'Sc3Te', 'TeRh', 'Hf2Te', 'TeF4', 'Ni3Te', 'CeTe', 'CdTe', 'TeMo', 'TbTe', 'TeSe', 'MnTe', 'TeO6', 'Sn3Te', 'Tl2Te', 'ZrTe', 'K2Te', 'TeCl4', 'Pa3Te', 'YbTe', 'HgTe', 'TeBr6', 'Ag2Te', 'TePd', 'Cu2Te', 'SnTe', 'Cd3Te', 'Bi2Te', 'Mg5Te', 'TePt', 'Mg149Te', 'TiTe', 'TeAs', 'GeTe', 'Tc3Te', 'Sb2Te', 'FeTe', 'TeO3', 'CuTe', 'TeF6', 'RbTe', 'TeI4', 'Mg3Te', 'MgTe', 'BeTe', 'CoTe', 'TlTe', 'Ti3Te', 'InTe', 'TePb3', 'TeAs2', 'TeI', 'NdTe', 'SmTe', 'LuTe', 'ReTe', 'TeN2', 'TePd3', 'Fe3Te', 'TeO4', 'UTe', 'VTe', 'SbTe', 'ScTe', 'Lu8Te', 'Nb3Te', 'Zr3Te', 'LaTe', 'Cu3Te', 'Li3Te', 'Tb3Te', 'Mn3Te', 'NbTe']"
I,Cmce,174.11598837963092,"['AuI', 'BaIF', 'Co3I', 'SmIO', 'AgI', 'NiI', 'CIF5', 'Sb4IO6', 'B5I', 'Ag3SI', 'Bi5IO7', 'RbI', 'IN4', 'IF7', 'Pm3I', 'LiI', 'UIN', 'Cu2IO3', 'PmI', 'NaI', 'LiIO5', 'Ta3Se12I', 'PbIF', 'RuI', 'ThIN', 'YIO', 'Co5Sb15I', 'Ru3I', 'TePdI', 'CuI', 'PH4I', 'IN3', 'ICl', 'Te2I', 'IBr2', 'BaHI', 'Hf3I', 'VIO7', 'Rb2IN3', 'I', 'BiI', 'PuIO', 'HI', 'IF3', 'IN5', 'IO6', 'IO2', 'Ac3I', 'Ag2IO5', 'Ca2PI', 'IrI', 'CI', 'Nb3I', 'NpIO', 'YCI', 'TiI', 'SmIO9', 'IF5', 'Pr3I', 'Pu3I', 'EuIO', 'PrIO', 'Mn3I', 'K3IO5', 'LaIO', 'IBr', 'LiIO', 'ICl2', 'KIO2', 'IO3', 'PICl6', 'HIN2', 'NaIO4', 'LaIO3', 'ICl3', 'KIO3', 'SmI', 'C3IN', 'Ni3I', 'LaCI', 'Bi2IBr', 'SrIF', 'VIO4', 'Sm3I', 'KI', 'H4IN', 'CaHI', 'Sm2IO2', 'Pd3I', 'Nb3Se12I', 'TlI', 'LuIO', 'SrHI', 'TeI', 'Pu2IO10', 'Pb2IO2', 'Nd3I', 'RhI', 'YI', 'CsI', 'Ce3I', 'TmIO', 'Mg16Al12I', 'Sb3IO4', 'NaIO2', 'IN', 'Ba2P7I', 'Mo3I', 'HoIO', 'IN2', 'BiIO', 'Mg149I', 'NdIO', 'HoIO9', 'Bi4I', 'CdIO9', 'Na5IO6', 'Zr3I', 'Gd3I', 'Tc3Se4I', 'Te7As5I', 'B10H13I', 'ScIO', 'H5IO6', 'Ag4SI', 'YIO9', 'CaI', 'Cs3I', 'InI', 'HgI', 'VI', 'SbTeI', 'TbIO9', 'LaI']"
Xe,R-3m,85.78650724921306,"['AsXe2O4F9', 'XeNO2F5', 'CsXeF7', 'HXeNO3F2', 'Sb4Au(Xe2F11)2', 'SrP2(XeF6)3', 'Sb3Au(XeF9)2', 'MgAs2(XeF9)2', 'SbXeF11', 'Fe4AgXeF5', 'Sb2XeClF11', 'Os2Xe(O3F5)2', 'PtXeF11', 'Xe2NO2F13', 'BaRu2Xe5F22', 'P6Pb3Xe11F58', 'SbXeO2F7', 'Fe4AgAs(XeF3)2', 'Hg2Te4Xe3(O2F13)2', 'Na4W8XeO6', 'Sb3Au2Xe2F19', 'XeO3', 'Sb3S2XeN(O2F9)2', 'CdAs2(XeF5)4', 'NbXeF11', 'Sb2XeF12', 'BC6XeF11', 'CsXe3O3F13', 'AsSXe2(OF3)3', 'BaP2(XeF5)4', 'Ni(XeF7)4', 'Sb2AsAuXeF14', 'H42C48Xe(ClO2)3', 'CuSb2(XeF8)2', 'OsXe(O2F3)2', 'Hg2Sb7H2Xe3F59', 'Sb5(XeF20)2', 'SbXeOF9', 'Sb2XeF14', 'Sb2XeF13', 'MnSb3XeF23', 'AuXe2F17', 'AsXe2BrOF12', 'Ca2As4Xe5F34', 'SbXeF7', 'K4XeO15', 'AsXe(OF2)3', 'TeAsXeO2F11', 'AsXeO2F7', 'MgSb3XeF23', 'AgAs(XeF5)2', 'Nd2As6Xe5F46', 'BaSb2Xe5F22', 'MgAs2(XeF8)2', 'SrAs2(XeF6)3', 'SbXeF9', 'CuSb3XeF23', 'Pd(XeF8)2', 'AuXeF9', 'Te2Xe(O2F5)2', 'HgAs2Xe5F22', 'CdB2XeF10', 'Sb2Au(XeF6)2', 'HgP2Xe5F22', 'CaAs2(XeF5)4', 'LiAs(XeF4)3', 'XeF2', 'BaNb2Xe5F22', 'Re4Xe3(O5F7)2', 'CuSb2(XeF5)4', 'CdP2Xe5F22', 'Te2Xe(OF5)2', 'HgSb3XeF17', 'Cr2XeF10', 'AsS2XeN2F13', 'Bi2XeF12', 'XeF4', 'ZnSb2(XeF4)6', 'OsXe2O3F14', 'HgSb2Xe5F22', 'SbIrXeF12', 'Xe', 'RuXeF11', 'AsSXeNF10', 'SbXe2F9', 'ZnSb3XeF23', 'HXeF7', 'Te4Xe(OF5)4', 'As2Pb(XeF6)3', 'CuSb2(XeF4)6', 'TcXeO4F5', 'S2XeNO4F3', 'Xe(OF)2', 'CrXeF6', 'CaP2Xe5F22', 'BiXeF9', 'XeF3', 'BaAs2Xe5F22', 'MgAs2(XeF5)4', 'Sb2XeF16', 'XeF6', 'XeN2(OF4)2', 'Sb2XeF15', 'Na4XeO12', 'AsXeF11', 'AsXe2F9', 'AsXe2OF10', 'CoSb3XeF23', 'BC10XeF17', 'SbXe2OF15', 'BiXeF7', 'Ca2As4(Xe3F14)3', 'S2Xe(O3F)2', 'AgXeF9', 'VXe2F17', 'TeAsHXeNF11', 'Cr4Xe5F44', 'RuXeF7', 'AsXeF7', 'NiSb3XeF23', 'CrXeF10', 'XeNO3F', 'XeIF7', 'Sb4Xe2F19', 'SbTe7SXeCl(OF4)9', 'HXe2F15', 'SXeO3F2', 'AgP(XeF5)2', 'GeXeF10', 'P2Pb(XeF6)3', 'WXeOF6', 'OsXeO3F8', 'K2Na2H16XeO14', 'Na4XeO14', 'KXeO3F', 'Cs2Xe(BrF7)4', 'Ni(XeF8)2', 'Fe4AgP(XeF3)2']"
Cs,I4/mmm,983.1042254716456,"['CsNa3', 'CsAc3', 'CsCr5S8', 'CsLa3', 'CsHg2', 'CsMnSe2', 'CsRb3', 'CsH3', 'CsCu4S3', 'CsPb3', 'CsN3', 'CsHF2', 'CsK', 'CsTe4', 'CsYb3', 'CsSn3', 'CsCd13', 'CsV5S8', 'CsPuO3', 'CsO2', 'CsBi', 'CsNdTe4', 'CsGd', 'CsN', 'CsMg6Nb', 'CsV5Se8', 'CsSn', 'CsC10', 'CsPa3', 'CsCr5Se8', 'CsMg149', 'CsMnAs', 'CsSO4', 'CsBi2', 'CsTi2Cl7', 'CsI4', 'CsAsO4', 'CsK2', 'CsSb', 'CsClO3', 'CsHo3', 'Cs(CO)2', 'CsZn8', 'CsHgCl3', 'CsZn4P3', 'CsMnTe2', 'CsAc', 'CsCrCl3', 'CsBr2F', 'CsAuC2', 'CsBr3', 'CsSnF3', 'CsLi2Br3', 'CsNd3', 'CsS', 'CsBeH3', 'CsHg', 'CsK2Pt', 'CsSe', 'CsC8', 'CsHg5Cl11', 'CsAg3S2', 'CsAg3Se2', 'CsEu', 'CsMg15', 'CsTh', 'CsMg7', 'CsAl', 'CsNd', 'CsLa', 'CsU2F9', 'CsGdTe4', 'CsLi2I3', 'CsCoF4', 'CsHo', 'CsFe4As3', 'CsHg3', 'CsNp3', 'CsTlO', 'CsCa3', 'CsBi4Se7', 'CsC', 'CsGa7', 'CsCl', 'CsLi3F4', 'CsEu3', 'CsTe7', 'CsBO6', 'CsMg6Ti', 'CsPbCl3', 'CsP7', 'CsSe4', 'CsCe', 'CsSrCl3', 'CsF', 'Cs(CrS2)2', 'CsSi', 'CsPO4', 'CsPm', 'CsAu', 'CsHg2Br5', 'CsB', 'CsTi5Se8', 'CsN2', 'CsRb', 'CsMg3', 'Cs(MoO3)3', 'CsNaF3', 'CsBr', 'CsNa2', 'CsY', 'CsSnI3', 'CsI3', 'CsCd4As3', 'CsTe', 'CsCu4Se3', 'CsIr', 'CsTaN2', 'CsI', 'CsIn3', 'CsAg3Te2', 'CsC15', 'CsDyBr3', 'CsH', 'CsBa3', 'CsPr3', 'CsPSe6', 'CsCu5S3', 'CsO3', 'CsCr5Te8', 'CsGa3', 'CsTmBr3', 'CsGe', 'CsSeBr3', 'CsZn4As3', 'CsV3O8', 'CsK3', 'CsPb2Cl5', 'Cs', 'CsIn5S8', 'Cs(Bi2Te3)2', 'CsS3', 'CsSr3']"
Ba,Im-3m,129.9981809751681,"['Rb3Ba', 'BaO2', 'BaAl2', 'BaSi23', 'BaSm3', 'BaPd5', 'BaTe3', 'BaCl2', 'BaAg5', 'BaBr3', 'BaS3', 'BaC10', 'BaPd2', 'BaPr', 'BaSr4', 'BaN6', 'BaZn', 'BaCu13', 'BaRh2', 'BaMg', 'BaBi5', 'BaO', 'BaPm3', 'BaSi2', 'BaCe3', 'BaF2', 'BaAl', 'BaSr3', 'BaMg3', 'BaTe2', 'BaSe3', 'BaGa2', 'BaP10', 'BaP8', 'BaTe', 'BaPa3', 'BaBi3', 'BaSi', 'BaSb3', 'BaF3', 'BaI2', 'BaAg', 'BaPt', 'BaTh3', 'BaYb3', 'BaMg2', 'BaTb', 'BaCd3', 'BaRe3', 'BaGa4', 'BaP2', 'BaTh', 'BaTl4', 'BaO10', 'BaNd', 'K3Ba', 'BaC20', 'BaHg', 'BaIn4', 'BaZn13', 'BaAs3', 'BaB6', 'BaAu', 'BaDy', 'BaPm', 'BaSn5', 'BaBe13', 'BaAg2', 'BaO5', 'BaPb3', 'BaCd11', 'BaSb2', 'BaCu', 'BaGe6', 'BaNa', 'BaFe12', 'BaEu3', 'BaH2', 'BaPt5', 'BaLi4', 'BaGe2', 'BaHg2', 'BaPt2', 'BaNa2', 'BaSn2', 'BaCe', 'BaLa3', 'BaHg11', 'BaHg6', 'BaAc3', 'BaAu2', 'BaAl4', 'BaP3', 'BaO6', 'BaTl3', 'BaCa', 'BaC6', 'BaO3', 'BaAu5', 'BaS2', 'BaCd', 'BaN2', 'BaGe3', 'BaSe2', 'Ba', 'BaMg15', 'BaHg3', 'BaC', 'BaSn3', 'BaN', 'BaS', 'BaO4', 'BaSe', 'BaTl2', 'BaBr2', 'BaC2', 'BaCa3', 'BaMn28', 'BaMg149', 'BaMg7', 'BaPd']"
La,P6_3/mmc,150.28863578550227,"['LaS', 'LaYb3', 'LaZn', 'LaIr2', 'LaGe2', 'LaBi', 'CaLa', 'LaTl3', 'LaNi2', 'LaMg', 'LaPt3', 'LaCd', 'LaU3', 'LaCu2', 'LaB4', 'LaSe', 'LaIr3', 'LaS2', 'LaAg', 'LaMg12', 'LaN', 'LaRu2', 'LaP3', 'LaZn3', 'LaN3', 'LaPb3', 'LaH20', 'LaPb2', 'LaAu3', 'LaSi2', 'LaY3', 'LaAg5', 'LaZn11', 'LaHg3', 'LaPm3', 'LaTb3', 'LaPt5', 'LaPd5', 'LaCu13', 'LaIr5', 'LaF3', 'LaTl', 'LaF2', 'Ba3La', 'Sr3La', 'LaIn', 'LaOs2', 'LaCo', 'LaO3', 'LaC2', 'LaNp3', 'LaAl4', 'LaTe2', 'LaHg2', 'LaRh3', 'LaDy', 'LaNi3', 'LaAs2', 'LaSe3', 'LaSi10', 'LaSn3', 'LaIn3', 'LaPd2', 'CsLa', 'LaAl3', 'LaPu3', 'LaP7', 'LaBr3', 'LaMg15', 'Ac3La', 'LaI2', 'LaNd3', 'LaCd11', 'LaSi5', 'LaMg2', 'LaCe3', 'LaGa6', 'LaNi5', 'LaTa3', 'LaP', 'LaCu4', 'LaCo13', 'AcLa', 'Li3La', 'LaHg', 'LaEr3', 'LaAg3', 'LaCo2', 'LaGa2', 'LaCe', 'NaLa', 'LaPr3', 'Na3La', 'LaSe2', 'La', 'LaBi3', 'LaFe9', 'LaCd3', 'LaBe13', 'LaY', 'LaO2', 'LaBr2', 'LaO', 'LaAs', 'LaCl3', 'LaCo5', 'LaV', 'LaPd3', 'LaPt2', 'LaAs3', 'LaCe4', 'LaBr', 'LaH3', 'LaCl', 'LaAl2', 'LaH2', 'LaZn13', 'LaCd2', 'LaSb', 'LaB6', 'LaC', 'LaGd3', 'LaRh2', 'LaTh', 'LaZn5', 'LaTe', 'LaMg3', 'LaP5', 'LaCu5', 'LaF', 'LaMg7', 'LaSm3', 'LaCu6', 'LaI']"
Ce,Fm-3m,25.50164500404376,"['CeC2', 'CeCo5', 'CeTl', 'CePr3', 'CeS3', 'CeMg2', 'CeMg7', 'CeOs2', 'CePu', 'CeSb', 'CeBi', 'CeBi3', 'CeS', 'CeGa6', 'CeBr3', 'CeY', 'CeEr3', 'Ba3Ce', 'CePm3', 'CeIr3', 'CeNi5', 'CeS2', 'CePb2', 'CeLu3', 'CeP3', 'Tb2Ce', 'K3Ce', 'CeCu6', 'CeCd2', 'CeMg', 'CeFe5', 'CePu4', 'CeAg', 'CeEr', 'CeZn5', 'CeAl4', 'CeMg15', 'CeZn11', 'CeY3', 'CePd5', 'CeI3', 'CePt5', 'CeGa2', 'CeDy3', 'CeCl3', 'CeMg3', 'CeCd', 'CeCu5', 'CeP5', 'CeF3', 'CeMg12', 'CeCo3', 'CeO2', 'CeF4', 'CeAg2', 'CsCe', 'CeTh', 'Ce', 'La3Ce', 'CeTe2', 'CeGe2', 'BaCe', 'LaCe', 'CeSe2', 'CeO3', 'Ac3Ce', 'CeTm3', 'CeB4', 'CeP2', 'CeSi2', 'Tb3Ce', 'CePd2', 'CeHg2', 'CeIr5', 'CeMg5', 'CeAu6', 'CeH3']"
Pr,Fm-3m,223.68793247843672,"['PrTm3', 'PrGa', 'PrB6', 'PrIn3', 'PrGe5', 'PrZn3', 'PrPt5', 'PrPt2', 'PrTl3', 'PrCu', 'PrGa3', 'BaPr', 'PrAl', 'PrNd', 'PrIr2', 'PrDy3', 'Pm3Pr', 'PrTe', 'PrMg2', 'PrLu3', 'PrCo3', 'PrPd5', 'NaPrF4', 'PrIr3', 'Yb3Pr', 'PrB12', 'PrMg149', 'PrTh', 'PrCu5', 'PrAg', 'PrNi', 'PrBr3', 'PrCd3', 'PrB3', 'PrEr3', 'Pr(WO3)2', 'PrMg3', 'PrMn2', 'PrAu2', 'PrPd3', 'PrCd', 'PrHo', 'PrSi2', 'PrGa2', 'PrHg', 'PrNi2', 'PrF3', 'PrPd', 'Ba3Pr', 'PrC2', 'PrCl3', 'PrO3', 'PrZn5', 'K3Pr', 'PrP5', 'PrGe3', 'Pr(MoO3)2', 'PrB4', 'Na3Pr', 'PrTe3', 'PrCu6', 'PrAl4', 'PrN2', 'PrAu', 'PrH2', 'PrEu3', 'PrZn11', 'PrBi', 'PrS', 'PrNi5', 'PrBi3', 'PrRh2', 'PmPr', 'PrRe2', 'PrRh', 'PrS2', 'PrAs3', 'Li3Pr', 'PrTe2', 'PrP', 'PrCd11', 'PrAl2', 'PrGa6', 'PrN', 'PrBe13', 'Tb2Pr', 'PrW3', 'PrPt', 'PrI6', 'PrCo5', 'Pr', 'PrAu6', 'PrI3', 'PrCu2', 'PrY3', 'Ac3Pr', 'Tb3Pr', 'PrSb', 'PrZn', 'PrSm', 'PrH', 'PrRu2', 'PrSm3', 'PrP2', 'PrMo3', 'PrO', 'PrNi3', 'PrAl3', 'PrOs2', 'PrHo3', 'PrY', 'PrSb3', 'PrIn', 'PrTl', 'PrMg12', 'PrCd2', 'PrPt3', 'Rb3Pr', 'PrSe', 'PrPd2', 'PrZn2', 'PrNd3', 'PrAl22O34', 'PrPb2', 'PrFe2', 'PrMg', 'PrCd6', 'PrAs2', 'PrS3', 'PrPb3', 'PrAs', 'PrGe2', 'PrH3', 'PrAg2', 'PrSn3', 'PrCo2', 'PrSb2', 'PrGe', 'PrHg3', 'PrO2', 'PrSn2', 'PrSi', 'PrSe2', 'PrI2']"
Nd,P6_3/mmc,141.84503754978965,"['NdIn', 'NdI3', 'Pr3Nd', 'NdTa3', 'NdBi', 'NdB6', 'NdN', 'NdAs3', 'NdAl4', 'NdAg2', 'NdAl3', 'Ca3Nd', 'NdAl2', 'NdS2', 'PrNd', 'NdGa6', 'NdHg2', 'NdDy3', 'NdMn2', 'NdNi5', 'NdDy', 'NdCd11', 'NdGd3', 'NdH3', 'NdGd2', 'NdP', 'NdIr5', 'NdZn3', 'Pm3Nd', 'NdCu', 'PmNd', 'NdCd3', 'NdTm3', 'NdS3', 'Nd', 'NdZn5', 'NdPa3', 'NdFe5', 'NdPu3', 'NdSc3', 'NdZn11', 'NdEu3', 'NdCl2', 'NdP3', 'NdCu5', 'NdO2', 'NdO', 'NdMg3', 'NdTh3', 'NdF3', 'NdBr3', 'NdGa3', 'NdEr3', 'NdHg3', 'NdAs', 'NdCd2', 'NdCo5', 'BaNd', 'Ba3Nd', 'NdMg2', 'NdSb', 'NdAl', 'NdTl3', 'NdGe', 'NdI2', 'NdSi2', 'CsNd', 'NdIn3', 'NdBe13', 'NdBr2', 'NdFe2', 'Sr3Nd', 'NdMg12', 'NdAu6', 'NdPd2', 'Tb3Nd', 'NdGa2', 'NdAs2', 'NdTe2', 'NdHo3', 'NdH2', 'NdC2', 'NdIr3', 'NdMn12', 'La3Nd', 'NdNi3', 'NdGa', 'NdHf', 'NdRu2', 'Ac3Nd', 'NdAg', 'NdZr', 'NdCd', 'K3Nd', 'NdRu3', 'NdSe', 'NdCo2', 'NdB4', 'Rb3Nd', 'NdRh2', 'NdPt', 'NdSi', 'NdMg', 'NdCo3', 'NdZn', 'NdPd3', 'NdS', 'NdSm3', 'NdGe2', 'NdPt2', 'NdNi2', 'Yb3Nd', 'NdO3', 'NdAg3', 'NdCo', 'NdTe', 'Li3Nd', 'NdAu3', 'NdTc3', 'Na3Nd', 'NdTh', 'KNd', 'NdPt5', 'NdP5', 'NdTm', 'NdAu', 'NdY3', 'NdGe3', 'NdPt3', 'TbNd', 'NdRh3', 'NdRe2', 'NdCl3', 'NdCu6', 'NdIr2', 'NdP2', 'NdOs2', 'NdLu3', 'NdHg', 'NdSe2', 'NdPb3', 'NdSn3', 'NdMg149', 'NdB12', 'NdTl']"
Pm,P6_3/mmc,138.0936421538299,"['PmY3', 'PmH', 'PmAs3', 'PmSmZn2', 'PmCl3', 'PmTiO3', 'PmAu3', 'PmNdZn2', 'PmErTl2', 'PmTa3', 'PmNdMg2', 'PmMgS3', 'PmHo', 'Ac3Pm', 'Tb3Pm', 'PmCl2', 'PmSm3', 'PmPrIr2', 'PmEuPd2', 'PmLuMg2', 'PmTh3', 'PmGdIn2', 'PmIn3', 'PmGePd2', 'PmEuHg2', 'PmI', 'PmGdCu2', 'PmNp', 'PmHoCu2', 'PmErAl2', 'PmMgTl2', 'PmSmGa2', 'PmS3', 'PmHoIn2', 'PmNdHg2', 'PmNd', 'PmPd3', 'PmN', 'PmHg3', 'PmS', 'PmErZn2', 'PmMn3', 'CaPmMg2', 'Sr3Pm', 'PmErO3', 'PmPa', 'PmPaO4', 'PmSc3', 'LaPmTl2', 'PmSi3', 'PmH3', 'PmI3', 'PmDy3', 'Yb3Pm', 'PmMgSe3', 'LiPmO3', 'PmMg2', 'LaPmZn2', 'PmCu3', 'PmB3', 'PmEuZn2', 'PmSmIr2', 'PmHf', 'PmNdIr2', 'PmMg149', 'PmSmTl2', 'PmSe', 'PmBr3', 'Ce3Pm', 'PmTl3', 'PmBeO3', 'PmNdGa2', 'PmNdIn2', 'BaPm', 'Rb3Pm', 'PmCdCu2', 'PmLuIn2', 'PmNi3', 'PmMg2Sc', 'PmPr', 'PmSe2', 'PmMg', 'PmEu3', 'PmZr', 'PmDyAl2', 'PmGdAl2', 'PmGaPd2', 'La3Pm', 'PmMg3', 'PmHoRu2', 'PmSm', 'PmEuO3', 'PmY', 'PmSnPt2', 'CaPmAg2', 'PmPrHg2', 'K3Pm', 'PmP3', 'PmLuAl2', 'PmCu2Si', 'PmCd3', 'CsPm', 'PmHoAl2', 'Pm(Mg4Al3)4', 'Ba3Pm', 'PmAl3', 'PmTm', 'PmGe3', 'PmErPd2', 'PmLuTl2', 'PmPrZn2', 'PmDyZn2', 'LaPmIr2', 'PmGa3', 'PmNd3', 'LaPmGa2', 'PmSmAl2', 'PmGd3', 'PmSmRu2', 'PmHo3', 'PmMgO3', 'PmWO3', 'PmS2', 'LaPmRu2', 'PmHoIr2', 'PmLu3', 'LaPmMg2', 'PmNdRu2', 'PmPrTl2', 'PmHoZn2', 'Pm', 'PmPr3', 'PmRh3', 'PmPrMg2', 'PmHoTl2', 'PmSn3', 'KPm', 'PmPu3', 'PmTm3', 'Ca3Pm', 'PmBr2', 'PmBi3', 'PmF3', 'LiPmGa2', 'PmInO3', 'PmRuO3', 'PmPuAu2', 'PmGaRh2', 'CePmMg2', 'Na3Pm', 'PmDyTl2', 'PmAg3', 'PmLuZn2', 'PmEuPt2', 'PmHoRh2', 'PmSe3', 'LiPmIn2', 'PmGdHg2', 'PmEr3', 'Li3Pm', 'PmZn3', 'PmEuRh2']"
Sm,P6_3/mmc,135.20776948932632,"['SmSi', 'SmCu', 'SmH2', 'SmCu5', 'SmF3', 'SmI2', 'SmSe', 'SmB4', 'SmGe5', 'SmPd3', 'SmEu3', 'SmGe2', 'SmCl2', 'SmFe3', 'SmI3', 'SmBr', 'SmZn5', 'SmHg3', 'SmFe5', 'SmTe3', 'SmAu3', 'SmPt', 'SmCd', 'SmP5', 'SmRe2', 'SmHg2', 'SmB2', 'SmC6', 'Nd3Sm', 'SmB12', 'SmO3', 'SmB6', 'SmNi', 'SmPu', 'SmMg5', 'SmNi2', 'SmAl5', 'SmPu3', 'K3Sm', 'SmBi', 'SmZn12', 'Ce4Sm', 'SmBi3', 'SmS2', 'SmAs3', 'SmP3', 'SmY3', 'SmBe13', 'SmMg2', 'SmS', 'SmRu2', 'SmH3', 'SmBr3', 'SmPt3', 'Na3Sm', 'SmC2', 'Pr3Sm', 'SmNi5', 'SmPa3', 'SmIn', 'SmZn3', 'SmTh', 'SmFe2', 'SmSn3', 'SmMg3', 'SmCd2', 'SmAl4', 'SmN', 'SmTm3', 'Sm', 'SmPb3', 'CeSm', 'SmC10', 'SmMg149', 'SmAl2', 'SmTh3', 'Pm3Sm', 'SmCu6', 'TbSm', 'La3Sm', 'Rb3Sm', 'PmSm', 'SmPa', 'Yb3Sm', 'SmLu3', 'SmTl3', 'Sr3Sm', 'SmAg', 'SmCl3', 'SmGa3', 'SmI', 'Ce3Sm', 'SmFe12', 'SmZr', 'SmPd', 'SmGa2', 'SmCd11', 'SmBr2', 'SmSi2', 'SmCo5', 'SmAu', 'SmGa', 'SmAs', 'SmEr3', 'SmRh3', 'Tb3Sm', 'SmDy3', 'PrSm', 'Li3Sm', 'SmSe2', 'SmHf', 'SmOs2', 'SmPd2', 'SmCo12', 'SmMn3', 'SmTe', 'SmZn', 'SmPt2', 'SmAl', 'SmGa6', 'SmIn3', 'Ba3Sm', 'SmCo3', 'KSm', 'SmRe3', 'Ca3Sm', 'SmRh2', 'SmO2', 'SmTa3', 'SmP', 'SmSb2', 'SmSn2', 'SmAl3', 'SmGd3', 'SmMn2', 'SmRh', 'SmCo2', 'SmGe3', 'SmNi3', 'SmGe', 'SmTl', 'SmCd3', 'Ac3Sm', 'SmHo3', 'SmAg3', 'SmAu6', 'SmTe2', 'SmF2', 'SmSb', 'SmMg', 'SmO']"
Eu,P6_3/mmc,88.12607338472408,"['Sr3Eu', 'EuBr2', 'EuS3', 'EuMg2', 'EuU3', 'EuTe', 'EuZnIn3', 'Pr3Eu', 'SrEu', 'EuCd11', 'Pm3Eu', 'EuIr2', 'EuMg5', 'EuAu5', 'EuF2', 'EuSn', 'EuZn11', 'EuSe', 'EuAg', 'EuC6', 'EuO', 'EuHg2', 'EuAs', 'EuHo3', 'EuH2', 'EuGa4', 'EuO3', 'EuAg5', 'EuP3', 'EuAu3', 'Ba3Eu', 'EuSb2', 'Eu', 'EuPd2', 'EuGa2', 'EuNi3', 'EuBe13', 'EuAu', 'EuCoGe3', 'EuPb', 'EuCu5', 'EuPd3', 'EuP', 'EuCu', 'EuSi6', 'EuCd2', 'EuFe2', 'EuY2O4', 'EuGe3Rh', 'EuN2', 'EuAg2', 'Eu(GaAs)2', 'EuSi2', 'EuP7', 'EuO2', 'EuAg3', 'K3Eu', 'Ce3Eu', 'EuF3', 'EuZn13', 'EuIn', 'EuHO3', 'EuGe3Pt', 'EuAl2', 'Li3Eu', 'EuN', 'EuAl4', 'EuNi5', 'Sm3Eu', 'CsEu', 'EuTl', 'EuPb3', 'EuGe3', 'Nd3Eu', 'Eu(GaP)2', 'Na3Eu', 'EuSi', 'EuHg3', 'EuY3', 'EuI2', 'EuEr', 'EuClO2', 'EuGe2', 'EuIn2', 'EuCr3', 'EuGe', 'EuSi3Ir', 'YbEu', 'EuZn2', 'Eu(ZnSn)2', 'EuGe3Pd', 'EuS2', 'EuGe3Ir', 'EuC2', 'Ac3Eu', 'EuC10', 'EuCl2', 'Eu(GePt)2', 'NaEuF4', 'EuMg3', 'EuAlGe', 'EuPt2', 'Tb3Eu', 'EuPd', 'EuCd3', 'EuBi3', 'EuAl3Si', 'EuSeO3', 'EuSe2', 'EuBi2', 'EuSi3Rh', 'EuRe2', 'EuHg', 'EuSn3', 'EuNiGe3', 'EuIn4', 'La3Eu', 'EuMg', 'EuAsPt', 'EuB12', 'EuSi3Ni', 'Eu(HO)3', 'EuTl2', 'EuGa', 'EuCu2', 'EuTl3', 'EuCl3', 'EuZn5', 'EuAs3', 'EuZn', 'EuIn3', 'EuS', 'EuB6', 'EuAl', 'Ca3Eu', 'EuNb3', 'EuTh3', 'EuMg149', 'EuBrO2', 'EuCd', 'EuAu2', 'EuRh2', 'EuBr3']"
Gd,P6_3/mmc,67.79110270704972,"['GdTc3', 'GdTa3O9', 'GdCuSb2', 'GdPd2Pt', 'GdCu', 'GdEr3', 'LiGdS2', 'Na5GdO4', 'Gd(LuS2)3', 'GdS', 'GdBe13', 'GdZr', 'GdPd', 'GdCu5Te4', 'KGdTe4', 'GdHo3', 'Sm3Gd', 'GdTl3', 'GdRh', 'GdH2', 'GdRe2', 'GdNi2', 'GdAl', 'Gd(MnSi)2', 'GdU3', 'GdIn3', 'GdB4', 'GdCoC', 'GdCd2', 'GdAlGe', 'CeGdN2', 'Pm3Gd', 'GdCu5Se4', 'Gd(CuGe)2', 'GdOF', 'GdSb', 'GdTiGe', 'CsGd', 'GdClO', 'Gd(SiPd)2', 'GdSn3', 'GdBi', 'GdCu2', 'GdAsO4', 'GdS2', 'GdAl3', 'GdSiRu', 'GdYH4', 'Gd(Al2Fe)4', 'GdAgSe2', 'LiGdSe2', 'GdTe', 'Gd(BC)2', 'Rb3Gd', 'GdAs', 'GdSn2', 'GdO2', 'GdNi5', 'Pr3Gd', 'Gd', 'GdSi3Ir', 'GdTe2', 'GdMn12', 'GdSe', 'GdPt2', 'GdAg3', 'GdBi3', 'GdIn2Ni9', 'GdF3', 'GdMn3', 'GdFe2', 'Rb3GdF6', 'GdGa3', 'GdAu', 'GdSe2', 'GdBrO2', 'GdZn2', 'Gd(CuSn)2', 'GdIn', 'GdIr3', 'GdCd', 'GdP', 'GdSi', 'GdRh5', 'GdPt', 'GdRh2', 'GdCd3', 'PrGdZn2', 'GdHg3', 'CsGdTe4', 'GdC2', 'GdCu5', 'GdClO2', 'Gd(Sn3Ru2)2', 'CaGdS2', 'GdBrO', 'GdFe5', 'GdSiPd', 'Ce3Gd', 'Gd(SiPt)2', 'GdCl3', 'GdMn2', 'GdSiPt', 'GdAs2Pd3', 'GdO', 'GdTaO4', 'NaGdF4', 'LaGdB12', 'GdAu2', 'GdBr', 'GdMg', 'GdCoSi', 'GdUC4', 'GdAg2', 'Gd(Re2Si)2', 'GdCBr', 'Li3Gd', 'GdCrO4', 'Gd(CuSi)2', 'GdIn5Rh', 'GdBr3', 'GdCuAs2', 'RbGdTe4', 'GdCl', 'GdY3', 'GdZn', 'GdIn2Cu9', 'GdCo2', 'GdSF', 'GdAlSi', 'GdPb3', 'GdGe', 'Sr2GdS3', 'GdAg', 'GdAl2', 'GdTl', 'GdGe2', 'GdOs2', 'GdPt3', 'GdN', 'Gd(CoB)4', 'GdO3', 'GdMg2', 'GdZrSb', 'GdNi3', 'GdMg3', 'SmGdB12', 'GdPd3', 'GdGa2', 'GdH3', 'GdAl3Cu', 'GdCo5', 'GdRh3', 'GdSi2', 'GdP5', 'GdDy', 'GdNi', 'GdMnSi', 'GdHO2', 'GdRu2', 'GdTh3', 'GdB12', 'Gd(BRh)4', 'GdGa', 'GdHg', 'GdCoSi3', 'GdAgSn2', 'GdGa6', 'GdB2', 'Gd(Ga2Fe)4', 'GdB6', 'GdMn2O4', 'LaGdN2', 'GdCu6', 'GdNp3']"
Tb,P6_3/mmc,65.42556819799493,"['TbZn3', 'TbAs', 'TbHg2', 'TbRe2', 'TbPt2', 'TbMn2', 'TbBr', 'TbCu2', 'TbPd3', 'TbRh5', 'TbAl2', 'TbEu3', 'TbHg3', 'K3Tb', 'TbIr2', 'TbAl', 'TbAs3', 'TbPd', 'TbNi5', 'TbGa3', 'TbCd', 'TbTc2', 'TbN', 'TbNd3', 'TbBr3', 'TbMg3', 'TbY3', 'TbAg3', 'TbHg', 'TbTl', 'Ca3Tb', 'TbMg149', 'TbSn2', 'TbB12', 'TbTh3', 'TbNi2', 'TbZr', 'La3Tb', 'TbS2', 'TbNp3', 'TbAg2', 'TbTe2', 'TbTe3', 'TbIn3', 'TbCo2', 'TbOs3', 'TbCo5', 'TbI3', 'TbH2', 'TbSe3', 'TbSi3Ir', 'TbMg', 'TbSc', 'TbCu5', 'TbTh', 'BaTb', 'TbMg2', 'TbPb3', 'TbSn3', 'TbAu6', 'TbB4', 'TbZr3', 'TbTe', 'TbSi3Rh', 'TbSb2', 'TbCe3', 'TbZn2', 'TbHf', 'TbSi', 'TbRu2', 'TbBe13', 'TbGa', 'TbF3', 'Ac3Tb', 'TbNi', 'TbO2', 'TbGe3', 'TbB6', 'TbH3', 'TbPa', 'TbOs2', 'TbPd2', 'TbSm', 'TbYb3', 'TbZn', 'TbSm3', 'TbNi3', 'TbRu3', 'TbBi', 'TbAu2', 'TbCd2', 'TbAl3', 'TbBi3', 'TbRh2', 'TbPr3', 'TbCl3', 'TbFe3', 'TbHo', 'TbS3', 'Ba3Tb', 'TbMn3', 'TbAu3', 'TbAl4', 'SrTb', 'TbGa2', 'TbSb3', 'TbPu', 'Li3Tb', 'TbPu3', 'TbGe2', 'Sr3Tb', 'TbFe2', 'TbGe', 'TbU3', 'TbMn12', 'TbS', 'TbTl3', 'TbPt', 'TbC2', 'TbRh', 'Rb3Tb', 'TbPm3', 'TbNd', 'TbCd3', 'TbAg', 'TbPt3', 'TbSi2', 'TbCu', 'TbGe5', 'TbBi5O9', 'TbCl', 'TbTa3', 'TbZn12', 'TbAu', 'TbB2', 'TbSb', 'TbO3', 'TbSe', 'TbHo3', 'Tb', 'TbSe2', 'TbGa6', 'TbP', 'TbLu', 'TbCo3', 'TbF4']"
Dy,P6_3/mmc,64.00862348033375,"['DyZn2', 'DySn3', 'DyHg2', 'DyZn12', 'Yb3Dy', 'DyPt', 'DyCu5', 'Ac3Dy', 'DyBr3', 'Ba3Dy', 'DyFe2', 'DyAu3', 'DyTe3', 'DyEr3', 'DyRu3', 'DyGa2', 'DyTl3', 'DyN', 'DySb', 'DySe2', 'Dy', 'DyTm3', 'NdDy', 'DyPt3', 'DyCu7', 'DyIn3', 'DyCo3', 'DyGa', 'DyAu', 'DyAu2', 'DyH2', 'DyCo5', 'DyS', 'DyPt2', 'DyCd2', 'DyEr', 'DySi', 'DyAl', 'DyRh', 'DyP5', 'DyH3', 'DyIn2Pd', 'DyZn', 'DyC2', 'DyHo3', 'DyY3', 'DyFe5', 'Eu3Dy', 'DyPd2', 'DyAu6', 'DyP', 'DyPb3', 'DyCl3', 'DyTc2', 'DyB2', 'DyZn5', 'DyAgSe2', 'DyTe', 'DyCd3', 'DyCu2', 'DySi3Ir', 'DyTh3', 'DySb2', 'DyI6', 'DyOs3', 'DyCd', 'DyTh', 'DyO3', 'DyHo', 'Pm3Dy', 'LaDy', 'DyI3', 'DyU3', 'DyMn2', 'DyMg2', 'BaDy', 'DyTh2', 'DyIr2', 'Sr3Dy', 'DyZn3', 'DyAs', 'DyHg3', 'DyGe3', 'DyNi', 'DyZr', 'DyTe2', 'DyNp3', 'DyB4', 'Ce3Dy', 'DyS2', 'DyGa3', 'DyMg5', 'DySe', 'DyFe3', 'DyMg149', 'DyLu3', 'DyPd3', 'DyO2', 'Li3Dy', 'DyNi5', 'DyGe', 'DyHg', 'DyPd', 'K3Dy', 'Nd3Dy', 'DyRh5', 'DyAg2', 'DyBi', 'DyTa3', 'La3Dy', 'DyAg3', 'DyF3', 'Gd3Dy', 'Ca3Dy', 'DyCu', 'DyRu2', 'DyNi3', 'Rb3Dy', 'Pr3Dy', 'DyB6', 'DyNi2', 'DyBe13', 'DyIn', 'DyAl3', 'DyAl2', 'DyBr2', 'DySb3', 'DyMn12', 'DyB12', 'DyRe2', 'DyCd6', 'DyPa3', 'DyCuTe2', 'Tb3Dy', 'GdDy', 'DyGa6', 'DyRh2', 'DyIr3', 'DyPa', 'DyPu3', 'DySi2', 'DyMg', 'Na3Dy', 'DyCo2', 'DyAg', 'DyOs2', 'DySn2', 'DyTl', 'DyMg3', 'DyCl2', 'DyAlSi', 'Sm3Dy']"
Ho,P6_3/mmc,62.7292955117729,"['Pm3Ho', 'HoAs', 'HoAu4', 'HoSi2', 'HoAu', 'HoO3', 'HoH2', 'HoNp3', 'HoAu2', 'HoIn2Pd', 'Ac3Ho', 'HoClO2', 'PmHo', 'HoS', 'HoF3', 'HoMg3', 'HoSb', 'HoHg3', 'HoP5', 'HoN', 'Dy3Ho', 'HoOs2', 'HoCd6', 'HoSi', 'HoSb2', 'HoU3', 'Tb3Ho', 'HoTe', 'HoSn3', 'HoAl3', 'HoEr', 'HoGe3', 'HoTc2', 'HoCo2', 'HoAu6', 'HoZn3', 'HoZn', 'HoSe2', 'HoMg5', 'HoH3', 'Sr3Ho', 'Yb3Ho', 'HoOs3', 'HoPd3', 'HoO2', 'HoAu3', 'HoIn3', 'HoMg2', 'HoTh', 'HoTh3', 'HoNi3', 'HoGa', 'HoPt3', 'PrHo', 'HoGa3', 'HoAl2', 'HoHg2', 'YHo', 'Nd3Ho', 'HoCu', 'HoCo5', 'HoEr3', 'HoCd', 'HoTa3O9', 'HoRe2', 'HoPt', 'HoGa6', 'HoMn2', 'HoO', 'DyHo', 'HoAg', 'HoIn', 'HoRh2', 'HoPt2', 'HoB12', 'Ca3Ho', 'HoZr', 'HoPd', 'HoBr3', 'HoSb3', 'HoFe2', 'CsHo', 'HoNp', 'HoTl', 'HoNi', 'HoZn2', 'HoRu2', 'HoTa3', 'HoAgSe2', 'HoTe2', 'Li3Ho', 'Pr3Ho', 'HoSe', 'HoCo3', 'HoBe13', 'HoI3', 'HoB2', 'HoP', 'HoGe', 'HoS2', 'HoPu3', 'HoCu2', 'LaHoS3', 'HoTl3', 'HoNi2', 'HoSi3', 'HoSi3Ir', 'TbHo', 'HoBr2', 'HoCl3', 'HoZn12', 'HoCd3', 'Pr2Ho', 'HoAs3', 'HoRh', 'HoB6', 'Sm3Ho', 'HoHg', 'HoTm3', 'HoMn12', 'HoFe3', 'HoIr2', 'Ce3Ho', 'HoMg149', 'HoGa2', 'HoC2', 'HoAg2', 'HoAl', 'HoIr', 'Ba3Ho', 'HoFe5', 'HoBi', 'La3Ho', 'Y3Ho', 'K3Ho', 'HoLu3', 'HoAl3Cu', 'HoAgTe2', 'HoCd2', 'Gd3Ho', 'HoSn2', 'HoPb3', 'HoBi3', 'HoCl2', 'HoNi5', 'HoMg', 'HoHO2', 'HoPd2', 'HoTe3', 'Rb3Ho', 'HoB3Mo', 'Eu3Ho', 'HoCu5', 'HoB4', 'Ho']"
Er,R-3m,92.66521360457801,"['ErH3', 'ErN', 'Er', 'ErNi2', 'ErCl2', 'ErPd3', 'Pm3Er', 'Eu3Er', 'ErNi3', 'ErO3', 'ErGa6', 'ErB2', 'ErTl', 'ErMg149', 'ErAu3', 'ErBi3', 'ErB12', 'ErS2', 'ErSn3', 'ErC2', 'HoEr', 'ErZn5', 'ErTe3', 'ErPd', 'DyEr', 'ErRu2', 'Dy3Er', 'ErAs', 'ErZn', 'ErFe3', 'ErAg', 'ErRu3', 'K3Er', 'Yb3Er', 'ErAl', 'Nd3Er', 'ErNi', 'ErTe', 'Ho3Er', 'ErNi4', 'ErOs3', 'ErMg3', 'ErMn2', 'ErB6', 'ErAs3', 'Ce3Er', 'ErZr', 'ErAg3', 'ErIn3', 'ErTh', 'ErGa2', 'ErAl2', 'CeEr', 'Rb3Er', 'ErRh', 'ErTc2', 'ErS', 'ErCo3', 'Gd3Er', 'ErSi', 'ErU', 'La3Er', 'Ba3Er', 'Tb3Er', 'ErIn', 'ErHg3', 'ErPt', 'ErGa3', 'ErCl3', 'ErO', 'ErPt3', 'ErZn2', 'Ac3Er', 'ErSe2', 'YEr', 'ErCd2', 'EuEr', 'ErCd6', 'ErCd', 'ErP', 'ErSb', 'ErTm3', 'Li3Er', 'ErTe2', 'ErSb2', 'ErCo2', 'La9ErO15', 'ErSn2', 'ErTl3', 'ErCd3', 'ErNi5', 'ErMg', 'Y3Er', 'ErCu2', 'Pr3Er', 'ErCo5', 'Sr3Er', 'ErSi2', 'ErAu4', 'ErOs2', 'ErBe13', 'ErF3', 'ErPt5', 'ErMg5', 'ErHg', 'ErZn3', 'ErPb3', 'ErIr2', 'ErGe3', 'ErSb3', 'ErCu', 'ErIr', 'ErFe2', 'ErH', 'ErCu5', 'ErI3', 'ErPu3', 'ErPa3', 'ErMg2', 'ErPd2', 'ErAu', 'ErSe', 'ErGa', 'ErAu2', 'ErLu3', 'ErO2', 'ErRe2', 'ErTa3', 'ErMn12', 'ErPt2', 'ErAl3', 'ErHg2', 'ErZn12', 'ErRh5', 'ErH2', 'ErB4', 'ErNp3', 'ErAg2', 'Sm3Er', 'ErRh2', 'ErGe', 'ErBi']"
Tm,P6_3/mmc,60.39799572484888,"['TmTe2', 'TmPt3', 'TmBr2', 'TmMg2', 'TmNi5', 'TmTe', 'TmCu2', 'TmFe2', 'TmCo2', 'TmRh3', 'TmMg', 'TmOs3', 'Nd2Tm', 'TmSb3', 'TmAu3', 'TmBi3', 'Pr3Tm', 'TmN', 'TmFe3', 'TmNiGe', 'TmAl3', 'Yb3Tm', 'Ho3Tm', 'TmCd3', 'Tm(HO)3', 'TmGe', 'TmCu5', 'NaTm', 'TmPd', 'TmBr3', 'TmAl', 'TmMgSe3', 'TmPt2', 'TmO2', 'TmHg3', 'TmGa5Co', 'TmRu2', 'TmI2', 'TmSi3', 'TmSi2', 'TmSn2', 'TmMn2', 'TmAu', 'TmTe3', 'TmCu', 'Sm3Tm', 'TmGePd', 'TmZn', 'TmGa2', 'TmMg3', 'TmAu2', 'TmSe2', 'TmAu4', 'TmRu3', 'TmB4', 'TmPd3', 'TmZr3', 'TmPu3', 'TmCd2', 'TmP5', 'Ce3Tm', 'TmSe', 'TmB2', 'TmZr', 'TmNp3', 'TmTc2', 'TmAgTe2', 'KTm', 'TmC2', 'Li3Tm', 'TmTh3', 'TmGa3', 'TmCl3', 'Tb3Tm', 'TmAg2', 'TmMg5', 'TmCo3', 'TmB6', 'TmZn12', 'TmRe2', 'TmOs2', 'TmS', 'TmMgS3', 'TmI3', 'TmGe3', 'TmIn2Pd', 'TmZn5', 'Nd3Tm', 'TmGa6', 'TmS2', 'TmRh', 'TmAg', 'TmAs3', 'TmH3', 'Pm3Tm', 'TmB12', 'TmF3', 'TmH2', 'TmCl2', 'TmGe2', 'TmSb2', 'TmNi2', 'Cs3TmO3', 'TmHg', 'TmTa3', 'TmAlGa', 'TmCd', 'Ba3Tm', 'TmU3', 'TmAg3', 'TmBr', 'Sr3Tm', 'TmPt', 'TmBe13', 'Ac3Tm', 'PmTm', 'TmO3', 'La3Tm', 'TmIn', 'K3Tm', 'Rb3Tm', 'TmAs', 'TmGaAg', 'TmSn3', 'TmZn3', 'Rb3TmO3', 'LaTmS3', 'TmLu3', 'TmSi', 'TmIr2', 'NdTm', 'PrTmS3', 'TmGaAu', 'TmTl3', 'TmPb3', 'TmP', 'TmTl', 'Tm', 'TmPa3', 'TmIr', 'TmIn3', 'TmBi', 'TmGa', 'CeTmS3', 'Eu3Tm', 'TmZn2', 'TmRh2', 'TmSb', 'TmNi', 'TmNi3', 'TmAl2', 'Sm2TmS4', 'TmAgS2', 'Dy3Tm', 'NdTmS3', 'TmMn12', 'Er3Tm', 'TmIn5Rh', 'Y3Tm']"
Yb,P6_3/mmc,120.83374254803681,"['YbAu3', 'Yb(BC)2', 'YbTa', 'YbO2', 'YbPaO4', 'YbHO2', 'YbOF', 'YbRh2', 'YbSe', 'YbTl', 'YbAg', 'YbSn3', 'YbClF', 'Yb(ErSe2)2', 'YbPt3', 'YbBi2', 'YbSi3', 'YbTe4Pb3', 'YbY3', 'YbIn2', 'YbIn5Ir', 'YbDy3', 'Tb2YbS4', 'YbOs3', 'Cs3Yb', 'YbGa6', 'YbPm3', 'YbNi5', 'YbZnGa3', 'Yb(DyS2)2', 'YbAl3Au', 'YbMn3', 'YbHg', 'YbZn3', 'YbF', 'Yb(TmSe2)2', 'Cs2YbH4', 'YbIn3', 'YbMn2', 'YbF3', 'YbPb3', 'YbAg3', 'Yb(SiAg)2', 'YbAgS2', 'YbCu5', 'YbGa4', 'YbGa3Au', 'YbHo3', 'YbFeSi', 'YbHg2', 'YbHCl', 'YbZnGa', 'YbBr3', 'YbCl2', 'Tb3Yb', 'YbOs2', 'YbSe2', 'YbCu2', 'YbGd3', 'YbCd', 'YbSi', 'YbS2', 'Na3Yb', 'YbNd3', 'YbPu3', 'YbPr3', 'YbZn2', 'YbNb3', 'YbIn5Co', 'YbO3', 'Yb(NdS2)2', 'YbBi3', 'YbRh', 'YbI2', 'YbTm3', 'YbAg2', 'Yb(BiTe2)2', 'YbHg3', 'YbTe', 'YbPa3', 'Yb(PrS2)2', 'YbH3', 'YbBr2', 'YbIn5Rh', 'YbAlCu5', 'YbGe3', 'YbIr2', 'YbZnGe', 'YbBi2C', 'YbIn', 'YbIr', 'YbNi2', 'YbBrO', 'Yb(ZnSb)2', 'YbNi', 'Yb(LuSe2)2', 'YbEu', 'YbB6', 'YbC2', 'YbGePd', 'YbMg2', 'YbPt', 'YbCd3', 'YbAl3', 'YbCo2', 'YbP3', 'YbCe3', 'YbAs', 'Ac3Yb', 'YbSb2', 'YbEr3', 'YbH2', 'K3Yb', 'SrYb', 'YbMg', 'YbRu', 'YbBr', 'YbTh3', 'YbCl3', 'YbCuAs2', 'YbZn', 'YbGa2', 'YbPt2', 'YbGa5Co', 'RbYb', 'YbAs3', 'YbU3', 'YbSb', 'YbAu', 'Yb(SbTe2)2', 'Yb(YSe2)2', 'YbSm3', 'Sr3Yb', 'YbAl2', 'YbB2', 'YbGeAu', 'Ba3Yb', 'YbGa3Cu', 'YbMg3', 'Yb(HoSe2)2', 'YbPd2', 'YbF2', 'YbCu', 'Rb3Yb', 'YbFe2', 'Yb', 'YbAu4', 'YbPd3', 'La3Yb', 'Li3Yb', 'YbS', 'YbTl3', 'NaYbF4', 'YbB2C', 'YbN2', 'YbSi2', 'YbPd', 'NaYbCl4']"
Lu,R-3m,89.06653365323558,"['Lu(SiRu)2', 'LuHg', 'LuGaAu', 'LuSn2', 'LuB2', 'LuMn5', 'LuSi2', 'Ca3Lu', 'LuPd3', 'La3Lu', 'LuO3', 'LuRh3', 'LuZn5', 'LuZn2', 'LuTl3', 'LuMn3', 'LuO2', 'LuTa3', 'Ac3Lu', 'LuAl2Pd5', 'LuIr2', 'LuTiSi', 'LuRu2', 'LuTe2', 'LuBi', 'LuCo2', 'LuH2', 'LuCu2', 'LuAu3', 'LuCuAs2', 'LuZr', 'LuS2', 'LuOs3', 'Lu(BC)2', 'Y3Lu', 'LuAl2', 'LuWO4', 'Lu', 'Pr3Lu', 'Nd3Lu', 'LuAg3', 'Tm3Lu', 'LuIr', 'LuAs', 'LuGaAg', 'LuCu5', 'LuI3', 'Li3Lu', 'Yb3Lu', 'LuInO6', 'LuBi3', 'Lu(FeO2)2', 'Lu(CrSi)2', 'LuMg3', 'Lu(CuSn)2', 'LuMgSe3', 'LuCd3', 'Lu(Co2Ge)2', 'LuPb2', 'Lu(BRh)4', 'Lu(Al2Fe)4', 'LuMg', 'LuTa3O9', 'LuNi', 'Lu(SiNi)2', 'Lu(Al2Cr)4', 'LuSb3', 'LuIn', 'LuPt3', 'LuGa2', 'Dy3Lu', 'LuSi3', 'LuPb3', 'LuBrO', 'LuSb', 'LuNi2', 'LuPt', 'Eu3Lu', 'LuSe', 'LuH3', 'SrLu', 'Sr3Lu', 'Lu(MnAl2)4', 'Lu(CoB)4', 'Lu(FeB)2', 'LuP5', 'LuB12', 'LuBr', 'LuTh3', 'LuS', 'LuF3', 'LuAgS2', 'LuPd', 'Lu(Al2Cu)4', 'LuCd', 'LuTe3', 'LuZn', 'Gd3Lu', 'Rb3Lu', 'LuTh', 'LuB2C', 'LuAu', 'LuCuSb2', 'LuAl', 'LuCo3', 'Sm3Lu', 'LuAg4', 'LuRh2', 'LuFe2', 'LuMn2', 'LuBe13', 'LuZr3', 'Lu(HO)3', 'LuB6', 'LuN', 'KLu', 'LuGa', 'Ho3Lu', 'LuOs2', 'Rb3LuO3', 'LuZn3', 'LuSe2', 'LuTaO4', 'LuCd2', 'LuNbO4', 'Lu(TiGa2)2', 'SmLuSe3', 'LuIO', 'LuAu4', 'LuB4', 'LuAg2', 'Lu(Fe2Ge)2', 'LuTe', 'LuRu3', 'Tb3Lu', 'LuIn3', 'Lu(Ni2P)2', 'LuNi5', 'LuSi', 'LuZn12', 'LuCl3', 'LuSb2', 'LuIn2', 'LuNi3', 'LuPaO4', 'LuGa3', 'LuTc2', 'Lu(MnSi)2', 'K3Lu', 'Er3Lu', 'LuC2', 'LuGa5Co', 'LuGe2', 'Lu(ClO2)3', 'LuTl', 'LuRh', 'LuP', 'LuRu', 'LuMg149', 'LuRe2', 'Lu(Ni2As)2', 'LuIn2Pd', 'LuBr3', 'LuZnSn2', 'LuAu2', 'LuAl3', 'LuTiGe', 'LuCoC', 'TbLu', 'Lu(PO3)3']"
Hf,P6_3/mmc,44.52724349481806,"['HfZn3', 'HfMo2', 'HfMg3', 'HfRh3', 'HfCl4', 'HfP', 'HfS', 'HfCo2', 'HfOs', 'HfPt', 'HfNi', 'HfBe', 'HfRe2', 'HfSb3', 'HfPd', 'HfN', 'Ce3Hf', 'HfPt4', 'HfZn16', 'HfP2', 'HfP3', 'HfTc2', 'HfIr', 'HfH2', 'HfGa', 'HfBr3', 'HfH3', 'K3Hf', 'HfAs2', 'HfV2', 'HfCo', 'HfBi2', 'HfC', 'HfRh', 'HfAu', 'HfTi3', 'HfAu3', 'HfRu', 'LiHf', 'HfAu2', 'HfOs2', 'HfCo3', 'HfS2', 'HfZn', 'HfF4', 'HfBi3', 'HfI3', 'HfMg', 'HfB2', 'HfBe5', 'HfB6', 'HfBe13', 'Rb3Hf', 'HfCd', 'TbHf', 'HfPd2', 'PmHf', 'HfMn', 'HfMg149', 'HfZr3', 'HfCo7', 'HfSb', 'HfNp3', 'HfN2', 'HfSb2', 'HfSi2', 'HfSe2', 'La3Hf', 'Pm3Hf', 'HfNi3', 'HfSc', 'HfAl3', 'Pr3Hf', 'NdHf', 'HfB', 'HfAs', 'HfCr2', 'HfSn', 'HfFe2', 'HfGa2', 'HfZn22', 'HfZr', 'HfIr3', 'HfCu3', 'HfOs3', 'HfTe3', 'Eu3Hf', 'HfW2', 'Yb3Hf', 'HfSn2', 'SmHf', 'HfAg', 'HfTl', 'HfBr4', 'HfZn2', 'HfI4', 'HfTl3', 'HfNi5', 'HfPd3', 'HfMn2', 'HfO2', 'HfMg15', 'HfTi', 'HfBe2', 'HfSi', 'HfGa3', 'Hf', 'HfPt3', 'HfSe3', 'Na3Hf', 'HfTc', 'HfS3', 'HfAu9', 'HfTe2', 'HfMg7', 'HfB12', 'HfAl2', 'HfRu3', 'HfNi2', 'Nd3Hf', 'Sm3Hf']"
Ta,P4_2/mnm,554.3708437019316,"['TaOs3', 'TaH4', 'TaSb3', 'YbTa', 'PaTa', 'TaPt3', 'TaFe', 'TaB4', 'TaAs', 'TaNi2', 'TaTe2', 'TaGa3', 'TaTi', 'TaSe2', 'TaS', 'TaRh3', 'TaO', 'TaF3', 'TaNi3', 'TaCl3', 'TaB', 'Rb3Ta', 'TaSb2', 'TaTi3', 'TaW', 'TaSn3', 'TaBr5', 'K3Ta', 'TaZn3', 'TaTc', 'TaTe4', 'Pa3Ta', 'TaO10', 'TaC', 'TaGe2', 'TaNbTe4', 'TaS2', 'TaAs2', 'TaCo3', 'TaB2', 'TaIr3', 'TaPd3', 'TaN', 'TaF5', 'Th3Ta', 'TaRu3', 'TaBe2', 'TaO3', 'TaCr2', 'HfTa', 'TaP3', 'TaFe2', 'TaI4', 'TaCl4', 'TaSe3', 'Ta', 'TaS3', 'TaCo', 'Mg3Ta', 'Na3Ta', 'TaV2', 'Sr3Ta', 'TaW3', 'TaP', 'TaO2', 'TaAs3', 'TaMo', 'TaSe6', 'Eu3Ta', 'TaV', 'TaPb3', 'TaI5', 'TaMn2', 'TaBe3', 'Ta(WO4)2', 'TaPt2', 'MgTa', 'Mg149Ta', 'TaSn2', 'TaPd', 'Ta(Mo2S5)2', 'Hf3Ta', 'TaAl3', 'La3Ta', 'Zr3Ta', 'TaBe12', 'TaPd2', 'TaZn2', 'TaN2', 'TaCl5', 'TaCo2', 'TaAu', 'U3Ta', 'TaIr', 'Pu3Ta', 'TaNi', 'TaSi2', 'TaNb', 'TaRh2', 'TaH2', 'TaRe', 'Yb3Ta', 'TaRu']"
W,Im-3m,15.932263521447117,"['Te2W', 'PdW', 'Pa3W', 'B2W', 'Zr4W', 'WS2', 'WCl3', 'Pd3W', 'W', 'Be2W', 'Ru3W', 'H5W', 'Al12W', 'WSe2', 'WC', 'RuW', 'Ir3W', 'K3W', 'Pt3W', 'Mg7W', 'Na3W', 'Mg15W', 'WO3', 'P2W', 'Cu3W', 'Re3W', 'WCl5', 'Co3W', 'Eu3W', 'WBr6', 'Re2W', 'H3W', 'Hf4W', 'Rh3W', 'WS', 'WN18', 'WF5', 'Ir4W', 'CoW', 'WAu3', 'WO5', 'Fe3W', 'WF4', 'Be13W', 'Ca3W', 'CaW', 'Rb3W', 'Pd4W', 'Sr3W', 'Tc3W', 'As2W', 'HW', 'P3W', 'Ta3W', 'Si2W', 'Th3W', 'WN2', 'Al2W', 'H6W', 'B4W', 'Yb3W', 'Ag3W', 'Mg3W', 'Li3W', 'WO2', 'Sb3W', 'B12W', 'WBr4', 'Be22W', 'WBr5', 'Ge2W', 'IrW', 'Al5W', 'WN', 'Os3W', 'Be12W', 'H4W', 'PtW', 'Si3W', 'As3W', 'BW', 'WO4', 'WI4', 'WCl4', 'Fe2W', 'WCl6']"
Re,P6_3/mmc,59.243130605479955,"['Eu3Re', 'Be22Re', 'Fe3Re', 'ReBr', 'ReCl4', 'ReC', 'Li5ReO6', 'ReAg3', 'ReO3', 'Rb3Re', 'ReP4', 'Na3Re', 'Pr4Re', 'K2Re', 'ReF6', 'CuReO4', 'AlRe', 'CsReF8', 'ReSi2', 'Be2Re', 'LiReN2', 'ReIr', 'Cs6ReN4', 'VRe', 'ReSn3', 'RePb3', 'Ti2ReOs', 'ReSi', 'ReCl5', 'Rb6ReN4', 'Be13Re', 'Re', 'ReO2', 'Al6Re', 'Re(SeCl6)2', 'Re(RhO3)2', 'BaReH9', 'ReB2', 'Mn3Re', 'ReOs3', 'Mg149Re', 'Ti2ReB2', 'NbRe', 'GaRe', 'Cr2ReO6', 'ReCl6', 'YReN3', 'Mg3Re', 'Al12Re', 'Ti2RePt', 'ReTeN', 'Li6ReN4', 'V11ReB8', 'ReCl3', 'ReTc', 'ReC2', 'Th3Re', 'ReSi4W', 'ReF7', 'ReW2', 'ReI3', 'ReO5', 'FeRe', 'ReSbO6', 'ReRh3', 'K6ReN4', 'ReGe2', 'Ga3Re', 'ReAu3', 'ReW4', 'ReB4', 'ReIr3', 'CoRe', 'Zr2Re', 'ReB3', 'BaReH7', 'ReNiO4', 'AlReGe', 'TiRe', 'Ho3ReO8', 'Re(Te2Mo)2', 'Mn3ReO6', 'Ta3Re', 'MnReO4', 'CrReO4', 'ReTc3', 'ReSi4Mo', 'ReRu3', 'TaReO6', 'Na6ReN4', 'ReBiO5', 'ReSbN', 'ReOs', 'ReNCl4', 'ReN2', 'ReS2', 'TaRe', 'LiReO5', 'ReH3', 'RbRe', 'Na5ReO6', 'ReB', 'RePt', 'ReTe', 'ReGeAs', 'ReMo3', 'Yb3Re', 'VReO4', 'ReAs3', 'K3Re', 'Pa3Re', 'V3Re', 'ZnRe', 'La3ReO8', 'TlRe', 'ReSe2', 'ReP3', 'ReO3F', 'Ti2Re', 'ReTe2', 'ReW3', 'AlReSi', 'Eu3ReO8', 'Re(WO4)2', 'Li3Re', 'Re(PbN)3', 'ReH3O5', 'ReN', 'ReMo']"
Os,P6_3/mmc,28.254800538527018,"['SrOsO2', 'OsO2', 'OsAu3', 'OsClF8', 'LaSi3Os', 'Li6OsN4', 'Ce4Os', 'OsRh3', 'Yb3Os', 'Ge2Os', 'POsSe', 'Nb2B2Os', 'OsOF4', 'HfOs', 'ThSi3Os', 'Co4Os', 'K2OsO5', 'V3Os', 'LaGe3Os', 'OsN2', 'B2Os', 'Os(SeBr6)2', 'Na3Os', 'Co3Os', 'Na3OsN2', 'Ti2ReOs', 'OsS2', 'Al2Os', 'Sb2Os', 'MgOsN', 'AsOsSe', 'Sc4OsCl4', 'Mn3Os', 'Sc3OsC4', 'Th4Os', 'SiOs', 'K6OsN4', 'Os', 'Sm3Os', 'BOs', 'OsC2', 'Hf2Os', 'Ga2Os', 'AsPOs', 'Cd3Os', 'Pr4Os', 'SbOsSe', 'Ir4Os', 'CeSiOs', 'Y4OsBr4', 'OsO2F3', 'Si4P4Os', 'TePOs', 'Pr4OsI5', 'Li2OsO6', 'OsSe2', 'OsC', 'CsOsN2', 'OsN', 'OsF5', 'IrOs', 'OsPb3', 'HgOs', 'TiOs', 'Ti3Os', 'Na6OsN4', 'OsCl4O', 'K3Os', 'POsS', 'BiOsSe', 'P2Os', 'Nd3Os', 'Pr3Os', 'Ir3Os', 'SrOsN2', 'AsOsS', 'SbOsS', 'TeAsOs', 'SmSi3Os', 'U4Os', 'Cr3Os', 'ZnOs', 'Ce3Os', 'Nb3Os', 'CoOs', 'Na3H7Os', 'MgOs', 'Dy3Os', 'VOs', 'Os(SCl4)6', 'OsRu', 'Sc3Os', 'Pr3OsI3', 'Mo3Os', 'U2OsC2', 'Os(OF)2', 'Rb3Os', 'Y3Os', 'Na5OsO6', 'Er4OsBr4', 'OsPt4', 'Si3Os', 'B4Os', 'LiOsN2', 'MoOs', 'Ta2B2Os', 'LaOsN3', 'Ta3Os', 'ReOs', 'OsRu3', 'Mg3Os', 'Ge3Os', 'Tl3Os', 'Ca3Os', 'La3Os', 'OsW2', 'As2Os', 'OsO4', 'NdSi3Os', 'LiOsF6', 'SbTeOs', 'Cs6OsN4', 'UGa5Os', 'Tm3Os', 'Li5OsO6', 'Ho2Ge2Os', 'Tc3Os', 'AlOs', 'Lu3Os', 'Ba2OsO4', 'Si2Os', 'Te2Os', 'V4Os', 'Li2OsN2', 'Os(CO)4', 'OsBr4', 'Li3OsN2', 'Ho3Os', 'Li7OsO6', 'La4Os', 'Zn3Os', 'BaOsO2', 'CeSi3Os', 'OsPt3', 'ZrOs', 'OsO3F2', 'Ga3Os', 'P4Os', 'OsCl4', 'KOsF6', 'RbOsO3', 'OsF6', 'Re3Os', 'Er3Os', 'Tb3Os']"
Ir,Fm-3m,14.310382775109328,"['YIr', 'IrS2', 'Lu3Ir', 'CoIr', 'Sr4Ir', 'Zr3Ir', 'UIr', 'VIr', 'Si2Ir', 'IrN2', 'Cd3Ir', 'Sn2Ir', 'IrCl3', 'Lu4Ir', 'Mo3Ir', 'IrPt', 'Hg3Ir', 'As2Ir', 'ReIr', 'Al3Ir', 'Tm3Ir', 'TeIr', 'HIr', 'IrPd', 'HfIr', 'FeIr', 'IrRu3', 'LuIr', 'Ir', 'GaIr', 'Zn3Ir', 'Ti3Ir', 'IrO2', 'Re3Ir', 'Zr4Ir', 'ScIr', 'NiIr', 'Eu4Ir', 'In3Ir', 'Nb3Ir', 'Dy4Ir', 'ZnIr', 'Rb3Ir', 'IrCl2', 'MnIr', 'P2Ir', 'IrOs', 'Y4Ir', 'IrSe2', 'Tc3Ir', 'As3Ir', 'Te2Ir', 'TcIr', 'Nd3Ir', 'Bi4Ir', 'IrF4', 'IrI', 'LiIr', 'Pr4Ir', 'IrN3', 'MgIr', 'Y3Ir', 'K3Ir', 'IrO3', 'Bi2Ir', 'IrRh3', 'GeIr', 'IrPt3', 'Cr3Ir', 'IrPd3', 'MoIr', 'IrRu', 'Mo4Ir', 'YbIr', 'Ge4Ir', 'Sb3Ir', 'Pu4Ir', 'IrRh', 'IrF3', 'P3Ir', 'Nd4Ir', 'Ho4Ir', 'IrSe3', 'Sc2Ir', 'Ta3Ir', 'SbIr', 'Sb2Ir', 'SiIr', 'Na3Ir', 'IrC2', 'BIr', 'TiIr', 'Tm4Ir', 'IrC', 'Ge3Ir', 'IrSe', 'Pr3Ir', 'NbIr', 'Si3Ir', 'V3Ir', 'Be3Ir', 'ErIr', 'CsIr', 'Ca4Ir', 'Co3Ir', 'IrBr3', 'HoIr', 'Sr2Ir', 'Mg3Ir', 'TmIr', 'ZrIr', 'IrC4', 'Yb4Ir', 'IrW', 'IrC3', 'Ga3Ir', 'Dy3Ir', 'IrN', 'CrIr', 'Sc4Ir', 'IrPb', 'Ce3Ir', 'Tb4Ir', 'Er4Ir', 'Tb3Ir', 'Er3Ir', 'La3Ir', 'AgIr', 'IrI3', 'Zr2Ir', 'TaIr', 'Th4Ir', 'Mn3Ir', 'Sn4Ir', 'AlIr', 'Tl3Ir', 'La4Ir', 'SnIr', 'Ho3Ir']"
Pt,Fm-3m,15.327454053856243,"['Hf3Pt', 'AlPt', 'Ta3Pt', 'Ca4Pt', 'PtI3', 'TiPt', 'ScPt', 'SbPt', 'Hg3Pt', 'Zr3Pt', 'Mn3Pt', 'Ba4Pt', 'Nd4Pt', 'HfPt', 'Sr4Pt', 'Ga5Pt', 'Mg3Pt', 'Si3Pt', 'Zr2Pt', 'IrPt', 'PtO2', 'Sn2Pt', 'PtSe2', 'Ti3Pt', 'PtRh3', 'Na3Pt', 'PtS', 'Pr4Pt', 'TcPt', 'Eu4Pt', 'CoPt', 'Pu2Pt', 'Ho4Pt', 'PdPt', 'KPt', 'Re3Pt', 'Tl2Pt', 'Er4Pt', 'Li2Pt', 'Bi2Pt', 'PtO3', 'Nb3Pt', 'Zn3Pt', 'BaPt', 'In3Pt', 'Mo3Pt', 'Tb4Pt', 'NaPt', 'HgPt', 'Te2Pt', 'Rb3Pt', 'La4Pt', 'Fe2Pt', 'Mg149Pt', 'P2Pt', 'Sm4Pt', 'Ge3Pt', 'PtCl4', 'Cs3Pt', 'PtPb4', 'Ga3Pt', 'Sb2Pt', 'Th3Pt', 'Fe3Pt', 'CrPt', 'PPt', 'Nb2Pt', 'As2Pt', 'PtRh', 'Co3Pt', 'LiPt', 'Li4Pt', 'PtPb2', 'Cr3Pt', 'Tl3Pt', 'PtS2', 'V3Pt', 'PtC', 'MoPt', 'PtO', 'SnPt', 'Dy4Pt', 'In2Pt', 'BiPt', 'PtBr3', 'Hg2Pt', 'PtF5', 'H3Pt', 'Ga2Pt', 'TePt', 'AgPt', 'Tc3Pt', 'Na4Pt', 'Yb4Pt', 'PtAu', 'ZnPt', 'Ce4Pt', 'MnPt', 'PtN', 'RuPt', 'Li3Pt', 'Y4Pt', 'MgPt', 'Al2Pt', 'Mg5Pt', 'Cu3Pt', 'PtO6', 'PtPb', 'U3Pt', 'PtPb3', 'NiPt', 'Cd3Pt', 'PtCl2', 'FePt', 'ZrPt', 'Cs2Pt', 'RePt', 'VPt', 'CuPt', 'TbPt', 'Be5Pt', 'BPt', 'CdPt', 'Al3Pt', 'GaPt', 'Mg2Pt', 'PtCl3', 'PtW', 'InPt', 'Be12Pt', 'TlPt', 'Ag3Pt', 'Pt', 'Ni3Pt', 'Tm4Pt', 'PtI2', 'PtN2', 'K2Pt']"
Au,Fm-3m,18.14473805188449,"['VAu', 'Pb3Au', 'In3Au', 'CrAu', 'AuS', 'AuI', 'HoAu', 'Ga3Au', 'Sm3Au', 'Tl2Au', 'Nb3Au', 'Sn2Au', 'Pb2Au', 'Ce2Au', 'Fe3Au', 'Mg5Au', 'Sb2Au', 'Er2Au', 'AuSe', 'Be12Au', 'Ga2Au', 'DyAu', 'Lu2Au', 'AuCl4', 'Tl3Au', 'CeAu', 'LaAu', 'TmAu', 'Ni3Au', 'HfAu', 'SnAu', 'EuAu', 'Cu3Au', 'B2Au', 'AuS2', 'Pr3Au', 'AuN', 'Mg3Au', 'Tb3Au', 'Na4Au', 'AuF5', 'AuCl', 'AuBr', 'ZrAu', 'FeAu', 'Cu4Au', 'AlAu', 'Zr2Au', 'MnAu', 'GdAu', 'BeAu', 'AuBr2', 'Pu3Au', 'Mg149Au', 'Ti3Au', 'Na2Au', 'SrAu', 'P3Au', 'Hf2Au', 'Hg3Au', 'PrAu', 'AuCl3', 'Ta2Au', 'Li3Au', 'Sn3Au', 'MgAu', 'AgAu', 'Eu3Au', 'Cd3Au', 'AuC2', 'Sc2Au', 'RbAu', 'Mn3Au', 'AuN2', 'Ca3Au', 'Ge3Au', 'Ac3Au', 'LuAu', 'La2Au', 'In2Au', 'Zn3Au', 'AuI2', 'PtAu', 'Zr3Au', 'Pm3Au', 'Sb3Au', 'Th3Au', 'Th2Au', 'Pb4Au', 'Bi4Au', 'Tb2Au', 'Mg2Au', 'Be5Au', 'CsAu', 'Ta3Au', 'Mn2Au', 'SmAu', 'Pd3Au', 'Pr2Au', 'YAu', 'GaAu', 'BAu', 'Gd3Au', 'AuBr3', 'Dy2Au', 'Ce3Au', 'CuAu', 'Al3Au', 'TiAu', 'Te2Au', 'YbAu', 'V3Au', 'Nd3Au', 'Sm2Au', 'NdAu', 'AuF3', 'Au', 'AuC', 'ErAu', 'AuCl2', 'CdAu', 'PdAu', 'ScAu', 'BiAu', 'LiAu', 'Na3Au', 'Te3Au', 'TbAu', 'Nd2Au', 'Ag3Au', 'TaAu', 'Al2Au', 'ZnAu', 'Tm2Au', 'Bi3Au', 'Np3Au', 'Hf3Au', 'Sr3Au']"
Hg,R-3m,95.13840631709425,"['TlHg', 'LuHg', 'Ho3Hg', 'Zn3Hg', 'HgCl2', 'Ba2Hg', 'U3Hg', 'Ca3Hg', 'HgPb2', 'Hf3Hg', 'HgN3', 'Cd2Hg', 'HgF2', 'AgHg', 'Hf2Hg', 'HgPd', 'TiHg', 'HgI2', 'Sn3Hg', 'Sm3Hg', 'Ac3Hg', 'CaHg', 'TbHg', 'HgGe3', 'HgB6', 'Np3Hg', 'Nd3Hg', 'Li3Hg', 'HgBr2', 'YbHg', 'HgF', 'HgS', 'HgBr', 'Tl3Hg', 'HgPt4', 'HgPd3', 'Zr3Hg', 'MgHg', 'Ce3Hg', 'ScHg', 'HgPt', 'Na3Hg', 'PrHg', 'Pa3Hg', 'Er3Hg', 'HgPb3', 'HgN2', 'Ti3Hg', 'Lu3Hg', 'Ag2Hg', 'Pm3Hg', 'HgOs', 'BaHg', 'CsHg', 'HgPb4', 'Mn3Hg', 'HgCl', 'MnHg', 'HgN', 'HgTe', 'Ca2Hg', 'KHg', 'Pr3Hg', 'HgF3', 'Mg149Hg', 'Sr3Hg', 'HgAu4', 'Mg3Hg', 'ZrHg', 'Th3Hg', 'InHg', 'Th2Hg', 'Sc3Hg', 'Dy3Hg', 'TmHg', 'LiHg', 'In3Hg', 'HgBr3', 'DyHg', 'LaHg', 'Hg', 'HgAu3', 'HgO', 'CeHg', 'HgN6', 'ErHg', 'HoHg', 'HgSe', 'HgS4', 'EuHg', 'Cs3Hg', 'HgI3', 'HgPt3', 'HgC', 'HgO2', 'NiHg', 'Ga3Hg', 'Mg5Hg', 'Rb3Hg', 'Ag3Hg', 'K3Hg', 'Tm3Hg', 'SrHg', 'ThHg', 'La3Hg', 'GdHg', 'Tb3Hg', 'NdHg', 'HgBi3', 'Ni3Hg', 'YHg', 'HgI', 'Cd3Hg']"
Tl,P6_3/mmc,59.81227665924512,"['Ac3Tl', 'TlBi2', 'TlHg', 'Mg3Tl', 'CeTl', 'TlHg3', 'Sc3Tl', 'Nd3Tl', 'Mn3Tl', 'Zr3Tl', 'Nb3Tl', 'TlCl2', 'Mg2Tl', 'Li3Tl', 'TlAs', 'TlCr5Te8', 'TlGeCl3', 'YbTl', 'TlIn5S7', 'Ti3Tl', 'ErTl', 'TlPd3', 'Np3Tl', 'Pr2Tl', 'UTl', 'TlF3', 'Lu3Tl', 'Pr3Tl', 'Li2Tl', 'TlPb', 'TbTl', 'TlP5', 'La3Tl', 'TlCl', 'Gd2Tl', 'ThTl', 'SrTl', 'Zr3TlF15', 'Sm2Tl', 'NaTl', 'TlCu7S4', 'Ca3Tl', 'Eu3Tl', 'Tl(ZnSb)2', 'TlIn5S6', 'Ce3Tl', 'TlBr2', 'TlBiF4', 'TlP', 'NbTlO3', 'Nd2Tl', 'TlIn', 'LaTl', 'Tb2Tl', 'Yb2Tl', 'TlBi', 'TlHgF3', 'Pa3Tl', 'TlF', 'TlN', 'TlFeSe2', 'Y3Tl', 'Rb3Tl', 'TlGeF3', 'TlSn', 'Tl', 'TlIn5S8', 'Tl(V3S4)4', 'TlO2', 'MgTl', 'EuTl', 'Mg149Tl', 'HoTl', 'Dy2Tl', 'TlZn3', 'TlH', 'Tm3Tl', 'TlSe', 'TlNi', 'BaTlIn3', 'TlFeS2', 'TlInCl3', 'Na3Tl', 'TlO', 'TlRh3', 'TlS3', 'TlAgTe2', 'TlS', 'TlSn3', 'TlI3', 'TlBr3', 'Hf2Tl', 'Pm3Tl', 'Tl(TeMo)3', 'TlC', 'TlN3', 'Al3Tl', 'TlIn5Se7', 'TlPO3', 'TlTe', 'TlInS2', 'LiTl', 'TlI', 'CaTl', 'TlCuO2', 'HfTl', 'GdTl', 'TlAu3', 'Ti5TlS8', 'TlV5S8', 'PrTl', 'TlIn3', 'TmTl', 'YTl', 'Na2Tl', 'K3Tl', 'KTl', 'TlV3O8', 'TlCl3', 'TlRe', 'Hf3Tl', 'TlBi25O39', 'LuTl', 'TlPt', 'TlSb', 'TlP3', 'TlPd2', 'TlNO2', 'SmTl', 'Th2Tl', 'DyTl', 'TlCu7Se4', 'TlSbSe2', 'TlHO', 'TlBr', 'TlBi3', 'NdTl']"
Pb,Fm-3m,31.053715283135052,"['V6PbO11', 'V12PbO30', 'HPb', 'AgPbO2', 'Tl3Pb', 'Pt3Pb', 'TePb', 'RhPb', 'PbCl2', 'RbPb', 'BiPbF5', 'B6Pb', 'TlPb', 'PbBr2', 'Rh3Pb', 'CaPb', 'BaPb', 'PdPb', 'BiPb', 'PbI2', 'PbSe2', 'PbN', 'Ti3Pb', 'EuPb', 'PbN6', 'La2PbF8', 'Y3Pb', 'Sn3Pb', 'Yb3Pb', 'SnPbS2', 'Tc3Pb', 'PPb', 'Ga3Pb', 'PbF3', 'Nb3Pb', 'In3Pb', 'Mg2Pb', 'Hf3Pb', 'Mg5Pb', 'PbO2', 'Mn8PbO16', 'Re3Pb', 'P7Pb', 'PbAu2', 'Ag3Pb', 'PbS2', 'La3Pb', 'Pm3Pb', 'In4Pb', 'NiPb', 'Ba2Pb', 'Cd3Pb', 'UPb', 'Sr3Pb', 'ZrPb', 'PbO', 'Ir3Pb', 'LiPb', 'SrPb', 'Ni3Pb', 'Sb3Pb', 'Hg3Pb', 'Sc3Pb', 'Ho3Pb', 'PbI6', 'ZrPbO5', 'InPb', 'CaPbI4', 'PbS', 'PtPb', 'Bi3Pb', 'Pr3Pb', 'MoPb', 'PbSe', 'Hf5Pb', 'MgPb', 'Tm3Pb', 'Pu3Pb', 'Ta3Pb', 'Th3Pb', 'Mg3Pb', 'SnPb', 'Ce3Pb', 'Tb6PbSe10', 'SbPb', 'Tb3Pb', 'KPb', 'PbF2', 'IrPb', 'Sr2Pb', 'ThPb', 'Zr3Pb', 'Pd3Pb', 'Rb3Pb', 'Mg149Pb', 'Ca2Pb', 'PbCl4', 'Er3Pb', 'V3Pb', 'Pb', 'PbWO4', 'Ca3Pb', 'Li3Pb', 'PbF4', 'H3Pb', 'NaPb', 'PbC', 'PbAu3', 'PbAuO2']"
Bi,R-3m,73.1719777495792,"['Mg2Bi', 'Ag3Bi', 'NdBi', 'BiPb4', 'YBi', 'BiO', 'GaBi', 'MnBi', 'LaBi', 'NpBi', 'Li3Bi', 'BiRh', 'Cd3Bi', 'Eu3Bi', 'CeBi', 'Zr3Bi', 'BiO2', 'CsBi', 'Dy3Bi', 'Mg15Bi', 'InBi', 'Co3Bi', 'Sm2Bi', 'Hf2Bi', 'BiPt3', 'MgBi', 'NiBi', 'BiI3', 'BiPb', 'In4Bi', 'SmBi', 'Ca2Bi', 'BiBr3', 'BiTe', 'Mg3Bi', 'UBi', 'AlBi', 'PuBi', 'Mn3Bi', 'BiI', 'BiB6', 'BiSe', 'Mg5Bi', 'Rb3Bi', 'TlBi', 'In3Bi', 'Sn3Bi', 'Pr2Bi', 'BiI5', 'SnBi', 'Ni3Bi', 'BiSb', 'Ga3Bi', 'Ba3Bi', 'BiTe3', 'In2Bi', 'BiF4', 'Hg3Bi', 'BiN', 'Sr2Bi', 'Y3Bi', 'BiF3', 'BiS2', 'Sc3Bi', 'PrBi', 'BiB5', 'NaBi', 'Mg7Bi', 'K3Bi', 'BiPt', 'LiBi', 'V3Bi', 'BiPd', 'Ti3Bi', 'Nb3Bi', 'Sr3Bi', 'TbBi', 'Tb3Bi', 'ThBi', 'BiBr', 'CrBi', 'Na3Bi', 'BiS3', 'Tl4Bi', 'Bi', 'Nd2Bi', 'DyBi', 'BiF5', 'RbBi', 'Mg149Bi', 'BiSe2', 'KBi', 'BiH3', 'ZnBi', 'BiS', 'BiPd3', 'Re3Bi', 'Ce2Bi', 'La2Bi', 'TmBi', 'HoBi', 'BiAu', 'CuBi', 'Hf3Bi', 'Ta3Bi', 'Tl3Bi', 'Ti2Bi', 'ErBi', 'Ba2Bi', 'Ho3Bi', 'BiB']"
Po,,,[]
At,,,[]
Rn,,,[]
Fr,,,[]
Ra,,,[]
Ac,P6_3/mmc,184.54540076862065,"['AcGaO3', 'CsAcTe2', 'AcCl3', 'AcAg2Pb', 'Ac2ZnSn', 'AcCeMg2', 'LiAcHg2', 'Ac2ZnHg', 'Ac2Cl2O', 'Li2AcSn', 'AcF3', 'SrAcZn2', 'Ac2Mg', 'Ac2ZnAu', 'AcCd3', 'AcScO3', 'AcMgTl2', 'CaAcHg2', 'AcRh2Pb', 'RbAcO3', 'AcMg149', 'AcYbZn2', 'AcVO3', 'AcYbTl2', 'AcBr3', 'Sr3Ac', 'CaAcAu2', 'AcCdRh2', 'AcAgAu2', 'AcN', 'AcHgAu2', 'AcInAg2', 'AcSnPd2', 'AcEr3', 'AcNb3', 'AcAg2Sn', 'AcTh', 'AcYbMg2', 'AcSm3', 'CaAcIn2', 'RbAcTe2', 'AcSi3', 'AcMg', 'SrAcHg2', 'AcNd3', 'AcTh3', 'NaAcTe2', 'AcYbAu2', 'Ac2TlIn', 'Ac2GaSi', 'AcGe3', 'AcCe3', 'AcZn2Cd', 'AcAgTe2', 'AcPm3', 'AcNiO3', 'Ac2CdGa', 'AcY3', 'AcMnO3', 'AcEu3', 'AcAgHg2', 'CsAc', 'Ac2TlCd', 'AcMgZn2', 'AcLa3', 'CsAcO3', 'Ac2S3', 'AcOF', 'Ac2TlSn', 'CaAcMg2', 'AcSnHg2', 'AcNdMg2', 'AcYb3', 'LiAcRh2', 'KAcTe2', 'AcMgHg2', 'NaAcHg2', 'AcSbAu2', 'AcPbAu2', 'AcH3', 'AcZnAu2', 'Ac', 'Li2AcIn', 'AcYbGa2', 'SrAcAu2', 'AcBrO', 'AcInTe2', 'AcYbHg2', 'SrAcCd2', 'AcZn2In', 'AcGaTe2', 'AcFeO3', 'AcYbCd2', 'AcMg3', 'Cs3Ac', 'NaAcAu2', 'AcTlRh2', 'LiAcTl2', 'AcLaCd2', 'AcAg3', 'AcTlAg2', 'K3Ac', 'AcSnAu2', 'AcTiO3', 'AcDy3', 'Li2AcAl', 'AcClO', 'AcCuO3', 'AcCuO2F', 'SrAcGa2', 'AcBO3', 'AcAlO3', 'CaAcGa2', 'NaAcIn2', 'CsLiAcO3', 'AcGa3', 'AcPrMg2', 'AcTb3', 'Ac2AgPb', 'Rb3Ac', 'AcLa', 'AcIn3', 'AcEuAu2', 'AcEuMg2', 'AcInAu2', 'Ca3Ac', 'Ba3Ac', 'NaAc', 'Ac2Br2O', 'AcO', 'AcInHg2', 'LiAcO3', 'AcH2', 'AcCdHg2', 'Li2AcPb', 'AcI3', 'Ac2CdGe', 'AcAg', 'AcTlAu2', 'AcHg3', 'AcSe3', 'Li2AcTl', 'AcTlTe2', 'AcZn3', 'AcMgCd2', 'CaAcTl2', 'CaAcZn2', 'AcPdO3', 'AcAl3', 'AcSiO3', 'Ac2MgGa', 'AcBiAu2', 'AcTlHg2', 'AcSc3', 'AcMgO3', 'Li3Ac', 'AcAu3', 'AcCdAg2', 'CaAcRh2', 'AcHgRh2', 'AcLaMg2', 'NaAcTl2', 'AcCrO3', 'LiAcTe2', 'AcCdAu2', 'AcYbAg2', 'AcPr3', 'AcTe3', 'Ac2O3', 'AcEuZn2', 'AcHgTe2', 'AcCu3', 'KAcO3', 'AcMg5', 'AcYbRh2', 'SrAcTl2', 'SrAcIn2']"
Th,Fm-3m,32.144276686139456,"['ThCo5', 'ThO2', 'ThAl2', 'ThRu', 'ThPt3', 'ThI2', 'ThGa', 'ThCu2', 'ThPd3', 'ThAs2', 'PuTh', 'ThNi5', 'ThCo', 'Ca5ThF14', 'ThSi3Os', 'ThAs', 'ThAl', 'ThAg3', 'ThPt2', 'ThC2', 'ThIr5', 'ThB4', 'Lu3Th', 'ThSi3Ir', 'Ca4ThF12', 'ThCd3', 'PrTh', 'Ce3Th', 'ThPb3', 'ThCd5', 'ThCu6', 'ThAu2', 'ThTe', 'ThH3', 'ThCo3', 'ThI3', 'AcTh', 'ThFe3', 'ThCl2', 'ThTl', 'Ba3Th', 'ThZr2', 'HoTh', 'ThSi', 'ThTc2', 'Sr3Th', 'ThNp3', 'ThBr4', 'ThNi2', 'ThSb', 'TbTh', 'ThRh', 'ThO', 'ThB6', 'ThSe3', 'ThN', 'ThPt', 'ThMn12', 'ErTh', 'ThS2', 'ThP2', 'BaTh', 'ThSi2', 'ThSi3Rh', 'ThP7', 'Er3Th', 'DyTh', 'SmTh', 'Pm3Th', 'ThH2', 'Th', 'ThCd11', 'ThSb2', 'CsTh', 'ThHg2', 'ThTl3', 'Ac3Th', 'Sm3Th', 'ThSc3', 'ThGa2', 'ThRh2', 'ThCl4', 'ThOs2', 'ThAu', 'ThIn', 'LuTh', 'K3Th', 'Rb3Th', 'Pr3Th', 'Tm3Th', 'ThBr2', 'ThB12', 'Li3Th', 'ThCoSi3', 'CeTh', 'ThBi', 'ThMn2', 'ThTc3', 'ThIn3', 'ThSc', 'ThS', 'ThF4', 'ThPd', 'ThBi2', 'ThAl3', 'ThFe2', 'ThSi3Ru', 'Hf3Th', 'ThTi3', 'Y3Th', 'ThI4', 'ThMg3', 'ThBi3', 'ThSe2', 'ThCo2', 'YTh', 'ThSe', 'ThSn3', 'ThRu2', 'ThSn2', 'Pu3Th', 'ThGe', 'Eu3Th', 'ThBe13', 'ThPa3', 'NdTh', 'Tb3Th', 'ThZr3', 'ThMg149', 'ThTe3', 'ThGe2', 'ThZn2', 'ThRe2', 'ThZn4', 'ThP', 'ThN2', 'ThIr2', 'ThRh3', 'ThHg', 'ThIr', 'ThPb', 'ThNi', 'LaTh', 'ThAu3', 'ThAg2', 'ThHg3', 'ThGa3', 'ThC', 'ThFe5', 'ThMg2', 'Nd3Th', 'ThZn11', 'ThCl', 'ThCd2', 'Ho3Th']"
Pa,I4/mmm,24.46037090317387,"['PaBi3', 'YbPaO4', 'ErPaO4', 'PaMn2Al', 'PaTa', 'MgPaPt2', 'BaPaO3', 'PaSb2', 'PaSi3', 'PaInPd2', 'PaSe3', 'PaCo3', 'PaV', 'PaAlV2', 'HoPaO4', 'PaAs2', 'PaSnAu2', 'PaTe2Pd', 'LiPa', 'NdPaO4', 'PaH3', 'PaSnPd2', 'SmPaO4', 'PaOsO3', 'PaRh3', 'EuPaO4', 'GdPaRu2', 'Sr3Pa', 'PaNi2Sb', 'PaInTc2', 'PaNi2Ge', 'Yb3Pa', 'PaZnRh2', 'PaAs', 'PaCoO3', 'PaZn3', 'PaBe13', 'PaS3', 'Ce3Pa', 'GdPaO4', 'PaGaFe2', 'PaI3', 'GdPaTc2', 'Cs2PaF7', 'YPaO4', 'TmPaO4', 'PaZnRu2', 'PaN', 'PaBO3', 'PaBr5', 'PaMn2Ga', 'PaPt5', 'ErPaOs2', 'PaP3', 'PaAlFe2', 'PaCl5', 'PaTaO3', 'PuPaO4', 'PaTe2Au', 'PaCdPt2', 'PaGaNi2', 'PmPa', 'DyPaO3', 'PmPaO4', 'PaAl3', 'PaZnTc2', 'PaNi', 'MgPaAu2', 'DyPaO4', 'Mg3Pa', 'PaCl4', 'PaIr3', 'PaGaTc2', 'PaTi', 'CePaO4', 'TmPaRu2', 'PaInO4', 'PaB3', 'PaTe3', 'PaHgAu2', 'PaCdAu2', 'PaTlO3', 'MgPaTc2', 'LuPaRe2', 'PaInAu2', 'LiPaO3', 'ScPaTc2', 'PaC2', 'PaSnRu2', 'PaTiTc2', 'Nd3Pa', 'Mg16PaAl12', 'Pa', 'HfPaTc2', 'Pm3Pa', 'PaAlTc2', 'PaAgO3', 'PaHgTe2', 'PaGa3', 'PaTi3', 'HoPaRu2', 'PaBr4', 'NaPaO3', 'LiPaRu2', 'PaO', 'TbPa', 'Pr3Pa', 'PaGe3', 'YbPaIr2', 'PaBiAu2', 'SmPa', 'PaP2', 'PaAgTe2', 'PaInRu2', 'ThPaTc2', 'PaBr3O', 'Rb2PaF7', 'KPaO3', 'PaZnAu2', 'K2PaF7', 'U3Pa', 'PaPd3', 'PaIn3', 'Ac3Pa', 'PaInCu2', 'PaSiO3', 'PaSiTc2', 'PaTlAu2', 'PrPaO4', 'PaCu2Sn', 'YPaRu2', 'PaSb3', 'PaNi2Sn', 'Ba3Pa', 'PaAlRu2', 'PaRe3', 'PaTc3', 'Th3Pa', 'LaPaO4', 'PaTc2Sn', 'PaO3', 'HoPaTc2', 'PaAu3', 'Na3PaF8', 'TmPaOs2', 'CsPaO3', 'PaGaAu2', 'PaPt3', 'PaGaCu2', 'PaZnNi2', 'PaInPt2', 'PaFe3', 'PaBeO3', 'TbPaO4', 'ScPaO4', 'LuPaO4', 'PaPbAu2', 'PaTc2Ge', 'DyPa', 'PaGaPt2', 'LiPaPt2', 'PaHgO3', 'PaNi3', 'PaAlAu2', 'PaO2', 'RbPaO3', 'ZrPaTc2', 'PaZnPt2', 'ErPaTc2', 'PaC', 'PaCd', 'PaInNi2']"
U,Cmcm,39.302152148225844,"['USn', 'UO2', 'UIr', 'U', 'USn3', 'UI4', 'Sr3U', 'UF4', 'UPb2', 'UAu2', 'UI3', 'UC2', 'UCl5', 'K3U', 'UBe13', 'SrU', 'UTl', 'UPt', 'US3', 'UNi5', 'US', 'UCo', 'UCo2', 'Ca3U', 'UCd3', 'UMn2', 'UBr3', 'UGe2', 'UMo', 'UPt2', 'URu3', 'UBi', 'UAs', 'UF5', 'UZn3', 'UF3', 'UV2', 'UP', 'UCl6', 'UN', 'UIr2', 'Yb3U', 'UH3', 'UB4', 'UP3', 'UP2', 'UTc3', 'ErU', 'UIn3', 'USe', 'UP4', 'UB12', 'URe2', 'UO', 'UNi2', 'UO5', 'UOs2', 'UO4', 'UAl2', 'Lu3U', 'UBr5', 'UPd3', 'Zr2U', 'UPt3', 'UTi', 'UCu5', 'UCr3', 'UAl4', 'URh3', 'UB2', 'ZrU', 'UMn3', 'UPb', 'USi', 'UGa2', 'UAl3', 'UBr4', 'UC', 'MgU', 'Eu3U', 'USi2', 'UCl2', 'UGe3', 'UTe3', 'UGa3', 'UIr3', 'UTl3', 'UO11', 'UCd', 'UNb', 'Th3U', 'USb3', 'USe2', 'Mg3U', 'UCo3', 'UCo5', 'UCl3', 'UN2', 'LiU', 'UBi2', 'UHg2', 'UTe5', 'UTe2', 'USb', 'USb2', 'UAs2', 'UTe', 'USe3', 'UAg3', 'UO3', 'Hf2U', 'UF6', 'UBr', 'UNb6O16', 'UFe2', 'USi3', 'US2', 'UHg3', 'UCl4', 'USn2', 'UGa', 'UF', 'UPb3', 'UPt5']"
Np,Pnma,144.8752353579778,"['Np(Al2Cu)4', 'NpAsS', 'CaNp', 'NpV4O12', 'HfNpO3', 'NpF5', 'Rb2NpO4', 'NpGe3', 'NpTaO3', 'Np(CuGe)2', 'NpBi', 'NpN4O11', 'NpSb', 'Np(OF)2', 'Rb3NpO9', 'Na5NpO6', 'Mg16NpAl12', 'Np(SiAu)2', 'NpO2', 'NpB4', 'NpS', 'NpSi3', 'NpTe', 'NpF4', 'NpGeO2', 'Np(Al2Fe)4', 'Np(Mo3Se4)2', 'NpRe2', 'NpSc3', 'NpBe13', 'PmNp', 'Nd3Np', 'NpP3', 'NpNi2', 'Np(MnGe)2', 'Np(FeP3)4', 'NpAs3', 'NpOs2', 'NpGa5Ni', 'NpSb3', 'Er3Np', 'NpC', 'NpCl3', 'Np(SiOs)2', 'NpZn', 'NpCuSe2', 'NpMn2', 'Cs2NpO4', 'NpAl3Pd2', 'CsNpO3', 'NpHgO3', 'Na3Np', 'NpFe2', 'NpCo2', 'NpB6', 'NpRu2', 'NpCd', 'NpSeO5', 'NpAu3', 'NpP', 'Np(CoGe)2', 'Np(FeGe)2', 'NpSi2', 'NpCl4', 'Np', 'NpI3', 'Np(SiIr)2', 'Tb3Np', 'NpSO', 'K3NpO8', 'NpPd3', 'BaSr2Np', 'NpSe', 'NpGa2', 'Np(Al2Cr)4', 'NpSeO', 'NpB2C', 'Np(SeO3)2', 'NpH2', 'Np(GeRh)2', 'NpIO', 'NpTe3', 'NpSnIr', 'HoNp', 'NpAl4', 'Zr2Np', 'Np(SiRh)2', 'NpB12', 'NdNpO3', 'NpCd11', 'Ba3Np', 'Np(CoSi)2', 'NpGa3', 'NpPa3', 'Na3NpO10', 'NpMoO3', 'NpGa5Fe', 'NpSi', 'Np(SiPd)2', 'NpSb2', 'Np(SiPt)2', 'NpGa4', 'PuNp', 'NpSn3', 'Np(SiRu)2', 'Pr3Np', 'NpPt', 'NpN', 'NpAsSe', 'K2NpO4', 'Np(NiGe)2', 'NpSbTe', 'NpGa5Co', 'Ac3Np', 'Np(CuSi)2', 'NpAlO3', 'Tm3Np', 'Np(FeSi)2', 'NpAs2', 'NpSe3', 'PuNpB4', 'Li3Np', 'NpGa5Rh', 'NpPt3', 'NpPS4', 'NpFe3', 'NpF6', 'NpB2', 'NpRh3', 'NpTeAs', 'Ba2SrNp', 'Np(SiNi)2', 'Np(GePd)2', 'LuNpO3', 'NpAg3', 'NpCrO11', 'NpTi3', 'NpN2', 'Np(MnSi)2', 'NpBr3', 'NpIr2', 'NpAl2Pd5', 'NpTe2', 'Pm3Np', 'NpAl3', 'NpMn3', 'NpNi5', 'NpAs', 'NpH3', 'NpCo3', 'KNpO3', 'Pu3Np', 'Sm3Np', 'NpAl2', 'NpSiO3', 'Ho3Np', 'Np(CrGe)2', 'Np(BH4)4', 'NpRuO3', 'NpF3', 'NpO', 'Mg3Np', 'Np(CrSi)2', 'Na3NpO8', 'NpSnO3', 'NpIn3', 'Lu3Np']"
Pu,P6_3/m,174.90623391594386,"['PuAu3', 'Pu', 'PuGa', 'PuMn3', 'Pu(Mg4Al3)4', 'PuGa6', 'PuPd3', 'PuP3', 'PuPt', 'PuSn2', 'PuIn7Pt2', 'Pu(N4O9)2', 'Pu(SiRu)2', 'Pu(MnSi)2', 'PuBr3', 'NaPuF4', 'PuSb', 'Pu(TeO3)2', 'PuTh', 'CePu', 'PuPt3', 'PuTcB2', 'PuB', 'PuIr2', 'Pu(FeSi)2', 'Cs2PuO4', 'CsPuO3', 'PuFeC2', 'PuN', 'PuF3', 'PuSi3', 'PuMn2', 'PuNi2', 'PuAsO4', 'PuAs3', 'PuSbTe', 'PuNi3', 'PuTe', 'PuPb2', 'KPu', 'PuB2', 'PuS', 'Na3Pu', 'PuS2', 'PuAl2', 'K2PuO4', 'PuOF', 'PuFe2', 'SmPu', 'PuTe2', 'PuF4', 'PuSe', 'PuSi', 'PuClO', 'PuU4N5', 'PuZr2', 'PuNi5', 'PuPaO4', 'PuAl3', 'PuGa4', 'PuSi2', 'Pu(SiRh)2', 'PuCu2', 'PuAs', 'PuPd', 'PuUN2', 'PuC2', 'PuPO4', 'PuBi', 'PuGe2', 'PuRh2', 'Lu3Pu', 'PuBrO', 'PuGa3', 'PuHf3', 'Y3Pu', 'PuIO', 'PuCo3', 'PuI2', 'PuPb3', 'Nd3Pu', 'Pu(CrSi)2', 'PuSb3', 'PuRh3', 'PuGe3', 'PuPt2', 'PuZr4C5', 'PuMg', 'Cs2PuCl6', 'PuP', 'PuH3', 'PuCl', 'Pu(SiPt)2', 'PuHg3', 'PuI3', 'PuNi4', 'PuCu6', 'PuO2', 'Pu(Mo3Se4)2', 'PuB4', 'PuSn3', 'Pu(SiPd)2', 'PuBe13', 'PuZn2', 'PuGa5Co', 'PuNp3', 'PuPt4', 'PuAg3', 'PuSe2', 'PuNp', 'Pu(CoSi)2', 'Rb3Pu', 'PuUSn6', 'Rb2PuO4', 'PuGa2', 'PuCl2', 'Pu(CuSi)2', 'PuPa3', 'Ce4Pu', 'Sm3Pu', 'PuPt5', 'PuCd11', 'PuB2C', 'Pu(SiAu)2', 'Li3Pu', 'PuNi', 'PuSb2', 'PuS3', 'PuRe2', 'PuIn', 'Pu(SiIr)2', 'PuCl3', 'NaPu', 'TbPu', 'PuCo2', 'PuBi3', 'PuB12', 'PuTe3', 'PuAl2Pd5', 'PuTaC2', 'PuH2', 'Pu(BRu)4', 'PuTlO3', 'Pu(SiOs)2', 'PuIn3', 'Ho3Pu', 'PuC', 'PuMg3', 'PuBr2', 'PuB6', 'PuRu', 'PuAl4', 'Pu(SiNi)2', 'PuRu2', 'Pu(SeO3)2', 'PuZr', 'PuOs2', 'K2PuCl6', 'PuO']"
Am,,,[]
Cm,,,[]
Bk,,,[]
Cf,,,[]
Es,,,[]
Fm,,,[]
Md,,,[]
No,,,[]
Lr,,,[]
Rf,,,[]
Db,,,[]
Sg,,,[]
Bh,,,[]
Hs,,,[]
Mt,,,[]
Ds,,,[]
Rg,,,[]
Cn,,,[]
Nh,,,[]
Fl,,,[]
Mc,,,[]
Lv,,,[]
Ts,,,[]
Og,,,[]
